id_country,y,d,x_agricultural_suitability,x_tropical_climate,x_large_animals,x_political_hierarchies,x_economic_complexity
AFG,31.300000000000001,0.999969482421875,0.22926736403566256,0.78529471452870303,1,3.6336879730224609,6.1993298530578613
AGO,75.200000000000003,0,0.92106117412799549,1,0.99889552593231201,2.7207272052764893,6.6972165107727051
ALB,50.200000000000003,1,0.55592782552338171,0.35931774992966192,1,3.0297231674194336,5.0350508689880371
ANT,54.799999999999997,0,0.82984658298500003,1,1,4,7
ARE,34.200000000000003,0.9999997615814209,0.042190406454657339,1,1,3.9999995231628418,6.9999985694885254
ARG,45.600000000000001,0.0077993934974074364,0.54676910898128483,0.99706609199058105,0.79793387651443481,2.2562782764434814,4.7579503059387207
ARM,57.200000000000003,0.97745102643966675,0.59414588849034156,0.024724411370179864,1,3.9752652645111084,6.8560729026794434
AUS,54.600000000000001,0,0.41929801048914678,1,0,1.0082312822341919,1
AUT,48.899999999999999,1,0.80522485415189871,0.0012255100369607654,1,4.0001325607299805,7.0491881370544434
AZE,57.200000000000003,0.10224351286888123,0.31411689370014489,0.96096900697304011,1,3.1184990406036377,1.5486187934875488
BDI,90.5,0,0.62677576686749503,1,1,3.9917922019958496,5.0093212127685547
BEL,43.5,1,0.8727312041832328,0,1,4.4873790740966797,7
BEN,63.899999999999999,0,0.89245768448508678,1,1,2.8658754825592041,7.2931365966796875
BFA,77.5,0,0.93131360125523521,1,1,2.9892070293426514,5.5280876159667969
BGD,54.700000000000003,0.93164902925491333,0.58782526984942107,1,0.99624776840209961,4.2378239631652832,6.9887433052062988
BGR,47.700000000000003,1,0.76241638688520452,0.085381482410299622,1,3.9503276348114014,6.9503684043884277
BHR,33.799999999999997,1,0.013626214240731141,1,1,4,7
BHS,66.799999999999997,0,0.90167224080300401,1,1,2,7
BIH,56.100000000000001,1,0.80691018112454149,0.02569381045809083,1,3.9928989410400391,7.9893484115600586
BLR,53.100000000000001,1,0.9655166251886047,0,1,4.998621940612793,7
BLZ,39.600000000000001,0.35342711210250854,0.60473752958499538,0.91428172428540344,0.72402602434158325,3.2768034934997559,7.2653007507324219
BOL,59.899999999999999,0.44327330589294434,0.41823202219779293,1,0.84200006723403931,3.9205691814422607,6.5669660568237305
BRA,54.700000000000003,0.00012189668632345274,0.14399011940859197,1,0.19574820995330811,1.4696804285049438,6.0698504447937012
BRB,64.099999999999994,0,0.82984658298499991,1,1,4,7
BRN,55.200000000000003,0.87793475389480591,0,1,1,2.4808638095855713,7
BTN,36.899999999999999,0.99992901086807251,0.14910723035665857,1,1,3.7069213390350342,5.2960729598999023
BWA,69.200000000000003,0.060291137546300888,0.72685791317092974,1,0.88277465105056763,2.7319788932800293,6.2699360847473145
CAF,70.400000000000006,0.047275111079216003,0.47096260595564921,1,0.95982784032821655,1.2894188165664673,5.8284974098205566
CAN,58.600000000000001,0.97425132989883423,0.81126897055760305,0.00015273703265836252,0.97723472118377686,3.9430732727050781,7.6348781585693359
CHE,57.700000000000003,1,0.77948453884150026,0.072392943534601392,1,4.4360661506652832,7
CHL,35.700000000000003,0.15328323841094971,0.23400412892208111,0.99999642339768835,0.99999642372131348,1.0317403078079224,6.1599841117858887
CHN,70.900000000000006,0.90871602296829224,0.60240242330413496,0.26968191712512485,1,4.8037519454956055,6.8857941627502441
CIV,49.200000000000003,0,0.50997613922705165,1,1,2.0880477428436279,6.8102679252624512
CMR,51.200000000000003,0.0057666497305035591,0.30575859764071012,1,0.94244509935379028,1.6311641931533813,6.1874995231628418
COG,61.100000000000001,0,0.15808640452988448,1,0.97621333599090576,1.715989351272583,6.9910292625427246
COL,36.200000000000003,0,0.055218452473173162,1,0.41068136692047119,1.2775259017944336,4.6942906379699707
COM,70.099999999999994,0,0.95428571428600106,1,1,4,7
CPV,45.5,0,0.82984658298499903,1,1,4,7
CRI,36.799999999999997,0,0.079246249604464983,1,1,2.0221476554870605,5.8118891716003418
CUB,38.100000000000001,1,0.8601119851013358,0.99996034917935461,1,4,7.0000395774841309
CYP,48.799999999999997,1,0.54744822714179542,0.91840311263368934,1,4,7
CZE,51.5,1,0.89414164057277046,0,1,4,7
DEU,49.100000000000001,1,0.80906521473040494,0,1,4.000737190246582,7
DJI,56.600000000000001,0,0.11966890905098766,1,1,3.7080893516540527,1.2913359403610229
DNK,60.100000000000001,1,0.80618556700998323,0,1,4,7
DOM,47.399999999999999,0.9987633228302002,0.86202275571638054,0.99482997476785395,1,4,7.0051698684692383
DZA,31.300000000000001,0.98090696334838867,0.27612157595578274,1,1,3.9293422698974609,2.3676402568817139
ECU,41.100000000000001,0,0.07411856691573232,1,0.99347394704818726,4.6208863258361816,6.8141632080078125
EGY,23.800000000000001,0.99883294105529785,0.0040260546900812962,0.99953403660426188,1,3.2738325595855713,5.192080020904541
ERI,55.200000000000003,0.89216101169586182,0.15397535605439139,1,1,2.5571377277374268,5.2689003944396973
ESP,40.5,1,0.85666168646161378,0.99991360276832819,1,4.0000057220458984,7.043055534362793
EST,51.700000000000003,1,0.95934163935976224,0,1,4.000394344329834,7
ETH,72.799999999999997,0.73464608192443848,0.45996025651766009,1,1,3.1592555046081543,4.8652372360229492
FIN,58.299999999999997,0.99837261438369751,0.90418162560883708,0,1,3.9953489303588867,6.9902358055114746
FJI,39.100000000000001,0,0.025437201907764648,1,1,2.0089578628540039,7
FRA,48.299999999999997,1,0.90380849522311835,0.017370019097215979,1,4.9384379386901855,6.9725675582885742
GAB,64.599999999999994,0,0.0040053997030001665,1,0.63874989748001099,1.0077016353607178,7
GBR,53.5,1,0.78641370803765809,0.0077992593119660288,1,3.9870011806488037,6.9740023612976074
GEO,54.700000000000003,0.96897614002227783,0.60303265645687854,0.19078509327906881,1,2.9384970664978027,6.1113195419311523
GHA,72.599999999999994,0,0.68518414264298055,1,1,2.5160768032073975,6.9410042762756348
GIN,78.900000000000006,0,0.54429484880877332,1,1,2.3109133243560791,7.2999429702758789
GMB,70.799999999999997,0,0.85134142414336311,1,1,2.7751975059509277,6.943079948425293
GNB,59.799999999999997,0,0.83657421331324278,1,1,1.6620433330535889,6.6168737411499023
GNQ,33.799999999999997,0,0,1,0.89710325002670288,1.22651207447052,6.5884127616882324
GRC,40.799999999999997,1,0.44180340726458045,0.83948116641707704,1,3.9629020690917969,6.909278392791748
GTM,41.799999999999997,2.4888724510674365e-05,0.40551379362926471,1,0.99923574924468994,1.9998233318328857,7.0606107711791992
GUY,44.399999999999999,0,0.22776548335969421,1,0.80202776193618774,3.406083345413208,6.8590598106384277
HND,44.399999999999999,0.006933107040822506,0.31884204836380742,0.99313997984046443,0.87061035633087158,1.0716019868850708,6.9920544624328613
HRV,45.100000000000001,1,0.81157825735937572,0.022321574145601195,1,4.0001554489135742,7.9974789619445801
HTI,56.399999999999999,0.0030647451058030128,0.92308620192464341,1,1,4,7
HUN,41.100000000000001,1,0.93893129613770276,0.0024938815770483859,1,3.9970533847808838,6.9980125427246094
IDN,50.600000000000001,0.87255126237869263,0.048710885154813831,1,0.96123313903808594,3.9155316352844238,7.26470947265625
IND,33,0.86648398637771606,0.63084875513135297,0.99999999858632072,0.88110393285751343,3.5085928440093994,6.6610441207885742
IRL,47.200000000000003,1,0.80406685932067357,0.00086093636486474744,1,3.9985651969909668,6.9971303939819336
IRN,28.5,0.82404613494873047,0.30787416159322134,0.98114413905112263,1,4.2816824913024902,5.4281225204467773
IRQ,12.6,0.99461615085601807,0.038587555920921945,1,1,3.8595700263977051,6.4277434349060059
ISL,75.599999999999994,0,0,0,1,3,7
ISR,49.299999999999997,0.9999346137046814,0.20904326548777505,0.99764015263189831,1,3.0323002338409424,6.9987072944641113
ITA,35.299999999999997,1,0.59031428486530713,0.97433272673096871,1,4.7414493560791016,7.2378349304199219
JAM,59.399999999999999,0,0.82984658298499892,1,1,4,7
JOR,21.600000000000001,0.98509746789932251,0.13853918964023207,0.9985820510522162,1,3.4860432147979736,6.9090657234191895
JPN,49.200000000000003,1,0.26488205887776972,0.28773570311289492,1,4.9857063293457031,7.9928531646728516
KAZ,64.700000000000003,0.32389223575592041,0.87507595592663456,0,1,4.3237504959106445,3.6194188594818115
KEN,75.200000000000003,0.033605676144361496,0.75706575779077445,1,0.83282184600830078,1.6137406826019287,4.7187404632568359
KGZ,56.200000000000003,0.048821337521076202,0.789244218701874,0.0077581355648922157,1,4.0252304077148438,2.2126517295837402
KHM,75.400000000000006,0.96373772621154785,0.069921861143104933,1,1,3.7993292808532715,6.7985858917236328
KOR,48.899999999999999,1,0.44171779141098527,0.037037037312984425,1,3,7
KWT,44.299999999999997,0.99536287784576416,0.11833708591365882,1,1,3.9907257556915283,6.9721775054931641
LAO,79.5,0.59423351287841797,0.20644117883378335,0.99987730479180281,1,3.4484789371490479,6.4162764549255371
LBN,20,0.99994492530822754,0.78665154151591254,0.97246446645802853,1,2.9999895095825195,6.9768304824829102
LBR,66,0.1252644956111908,0.11989022590924932,0.87473550521168786,1,2.2732973098754883,7.1880884170532227
LBY,22.699999999999999,0.97985529899597168,0.20722171899649014,1,1,3.9457170963287354,2.1024336814880371
LCA,45.399999999999999,0,0.82984658298500003,1,1,4,7
LKA,36.5,0.98956120014190674,0.53106843345458754,1,0.98956120014190674,3.9527645111083984,6.9478058815002441
LSO,68.900000000000006,0.97786152362823486,0.9019160785882997,1,1,4,5.9667901992797852
LTU,54.799999999999997,1,0.96385975530588608,0,1,4.0030131340026855,7
LUX,41.200000000000003,1,0.84778190539000553,0,1,4.3362503051757812,7
LVA,48.700000000000003,1,0.96542260369809585,0,1,4.0006723403930664,7
MAR,27.5,1,0.65106189852402874,1,1,3.9442191123962402,5.8873720169067383
MDA,55.5,1,0.67229497596609544,0.9743145620088296,1,4.8553690910339355,7
MDG,84,0,0.62903904994426485,1,1,3.4603826999664307,6.4715776443481445
MDV,37.5,1,0.35444947209700017,1,1,4,7
MEX,38.799999999999997,0.066933102905750275,0.50362832976893501,0.98116537845398832,0.34190309047698975,2.0026571750640869,6.7145686149597168
MKD,40.799999999999997,1,0.70738950296339864,0.088733471182981041,1,3.9516804218292236,7.0789327621459961
MLI,35.899999999999999,0.00027142779435962439,0.41577052108979534,1,0.99625802040100098,2.5106990337371826,6.8712620735168457
MLT,29.800000000000001,1,0.91442155308999973,1,1,5,7
MMR,67.200000000000003,0.81377661228179932,0.20421839722902982,0.99995255942460637,1,3.3569064140319824,6.9905095100402832
MNG,66.799999999999997,0.83108627796173096,0.24916365037566471,0,1,3.9823274612426758,2.0225741863250732
MOZ,86,0.0033599997404962778,0.93944265614408651,1,0.97046029567718506,1.8622652292251587,6.2872819900512695
MRT,55.600000000000001,0.84795981645584106,0.075916949171004902,1,1,3.8055260181427002,2.5057928562164307
MUS,40.600000000000001,0,0.45664739884400019,1,1,3,7
MWI,75.799999999999997,0,0.94168596569467367,1,0.87675678730010986,1.8992091417312622,5.5287165641784668
MYS,44.299999999999997,0.64556849002838135,0.0034258318608967101,1,0.80093240737915039,2.3499252796173096,6.1657648086547852
NAM,48.5,0.10064530372619629,0.55643880706140481,1,0.91572427749633789,2.7239301204681396,4.0799665451049805
NCL,45.700000000000003,0.032405581325292587,0.12791593038268617,1,1,2.1000878810882568,7.0324053764343262
NER,38.100000000000001,0.0070093232207000256,0.53197481393568857,1,1,2.7433521747589111,4.2526102066040039
NGA,38.299999999999997,0,0.74745222196764505,1,1,2.9783298969268799,6.6091480255126953
NIC,38,0,0.27526605424913808,1,1,2.1131553649902344,6.9765639305114746
NLD,53.200000000000003,1,0.80618556701000565,0,1,4,7
NOR,61.399999999999999,0.98866879940032959,0.75751818856783826,0,1,3.9660263061523438,6.9320125579833984
NPL,59.899999999999999,0.90965908765792847,0.39300324763759409,1,0.91112345457077026,3.4744241237640381,6.6237654685974121
NZL,56.899999999999999,0,0.8181818181819932,1,0,2,7
OMN,23.399999999999999,0.99992966651916504,0.03100148639307693,1,1,3.9692797660827637,6.8458857536315918
PAK,16.100000000000001,1,0.2658076333927839,0.99987114279871669,1,4.5482678413391113,7.2511520385742188
PAN,45.200000000000003,0,0.025971308236551555,1,0.89247322082519531,2.7089323997497559,6.6481032371520996
PER,54.399999999999999,0.041582610458135605,0.04741597401004316,1,0.88202708959579468,4.1765499114990234,6.836151123046875
PHL,48.600000000000001,0.33655527234077454,0.04152189076819273,1,1,2.3526458740234375,6.5888872146606445
PNG,71.299999999999997,0,0.039329286757176618,1,0.99379563331604004,1.0189597606658936,5.8515944480895996
POL,49.600000000000001,1,0.90301958300046481,0,1,4.0031571388244629,6.9999899864196777
PRI,34.899999999999999,1,0.86003372681299672,1,1,4,7
PRK,53.799999999999997,1,0.4616346951903903,0.037005918432285387,1,3.0016803741455078,7
PRT,52.799999999999997,1,0.86003372681302503,1,1,4,7
PRY,51.299999999999997,0.0083946529775857925,0.58477527786922556,0.99160534729534122,0.032838702201843262,1.0393118858337402,6.6796817779541016
QAT,36.899999999999999,1,0.039580908032600011,1,1,4,7
ROU,58.299999999999997,1,0.62930974859189881,0.92036779901092625,1,4.9189929962158203,6.998558521270752
RUS,53.899999999999999,0.93327605724334717,0.87933668666950293,0.00096508646268636989,0.99994534254074097,4.7747230529785156,6.623194694519043
RWA,85.599999999999994,0,0.54590809690438113,1,1,3.9884917736053467,5.0113110542297363
SAU,17.600000000000001,0.017362937331199646,0.19556554176966551,1,1,2.0347237586975098,1.1041775941848755
SDN,28.899999999999999,3.1335348467109725e-05,0.44567206474888649,1,0.98763632774353027,2.3373358249664307,4.2333011627197266
SEN,62.799999999999997,0,0.8984118121164969,1,1,2.6767656803131104,6.5137186050415039
SGP,52.299999999999997,1,0,1,1,3,7
SLB,24,0.062217526137828827,0.032332201990836834,1,0.98024410009384155,1.3939887285232544,6.2891721725463867
SLE,67.799999999999997,0,0.10413406868975771,1,0.92287719249725342,2.3067078590393066,7.2432546615600586
SLV,45.100000000000001,0,0.60047616410970039,1,0.47929555177688599,2.0414090156555176,7
SOM,58.399999999999999,0.0019110222347080708,0.18117254280274483,1,1,2.9779255390167236,1.0612571239471436
STP,41.5,0,0.8298465829849998,1,1,4,7
SUR,34.100000000000001,0,0.0035955446562761467,1,0,1.7109163999557495,5.2083535194396973
SVK,52.299999999999997,1,0.90729951375929341,0.00059810827894722553,1,4.0096778869628906,6.9977984428405762
SVN,51.399999999999999,1,0.80842582882039427,0.037317388335844241,1,4.0155754089355469,7.9783945083618164
SWE,58.200000000000003,0.99721997976303101,0.80446777807376757,0,1,3.9916598796844482,6.9833197593688965
SWZ,48.399999999999999,0.9981575608253479,0.91457371316786717,1,1,4,5.9981575012207031
SYR,20.300000000000001,0.87130278348922729,0.31720425186809909,0.97254854186891004,1,3.1215031147003174,6.1325502395629883
TCD,64.599999999999994,0.005894975271075964,0.63077808433793836,1,1,1.7586667537689209,4.9789586067199707
TGO,60,0,0.88421786020290072,1,1,1.9290163516998291,6.5009827613830566
THA,66.099999999999994,0.97837620973587036,0.35616255463366386,1,0.99837714433670044,4.8159847259521484,6.9477558135986328
TJK,45.200000000000003,0.98051553964614868,0.28739528965015043,0.60824211674345352,1,2.1208469867706299,3.1444778442382812
TKM,57.600000000000001,0.99398010969161987,0.26145434641541115,0.25278306667073419,1,3.8759043216705322,6.4569110870361328
TLS,56,0,0.76193922216767362,1,1,2.3567798137664795,6.713559627532959
TTO,47.299999999999997,0,0.82984658298499914,1,1,4,7
TUN,23.800000000000001,1,0.90436022524090232,1,1,4.9989995956420898,6.9933829307556152
TUR,26.600000000000001,0.99665284156799316,0.61593614711344047,0.90113245511199014,1,3.8226888179779053,6.4366049766540527
TZA,87,0,0.90626588102235484,1,0.9888274073600769,2.3492453098297119,5.4585075378417969
UGA,79,0.051998801529407501,0.63464741742828579,1,0.99993050098419189,2.9912738800048828,5.766486644744873
UKR,51.799999999999997,1,0.97565670689028972,0.026242233449067762,1,4.9760808944702148,6.9815688133239746
URY,49.399999999999999,1,0.86003372681303614,1,1,4,7
USA,59.5,0.97252756357192993,0.85539546794278432,0.043981852423141704,0.99498730897903442,3.9498984813690186,7.9273810386657715
UZB,53.5,0.59609681367874146,0.22262374278197686,0.081916005232001404,1,3.0480427742004395,3.0765697956085205
VCT,50.5,0,0.82984658298499991,1,1,4,7
VEN,45.200000000000003,0,0.15898539510973572,1,0.54887712001800537,1,3.0692291259765625
VIR,46.100000000000001,0,0.82984658298500003,1,1,4,7
VNM,69.5,0.87201017141342163,0.15644867256737668,0.99999116024697676,1,4.3562788963317871,6.6517701148986816
VUT,79,0,0,1,1,1.1706126928329468,7
YEM,17.199999999999999,0.99930417537689209,0.0039266825327133924,1,1,3.9986083507537842,6.9958252906799316
ZAF,44.299999999999997,0.54055100679397583,0.86550783213367344,0.90153529154578604,0.99999850988388062,3.5500345230102539,5.9204602241516113
ZAR,55.5,0,0.42365899726044004,1,0.92873919010162354,2.3839378356933594,6.5456175804138184
ZMB,62.100000000000001,0,0.95589979863634078,1,0.75430124998092651,2.3903486728668213,5.8713493347167969
ZWE,64,1.6420100337199983e-06,0.91306050201545264,1,0.99459296464920044,3.1048636436462402,6.3376593589782715
