"speaker_id","name","party","state","chamber","repshare","cs1","cs2"
"Chris Cannon","Chris Cannon","R","UT","H",0.790062069892883,0.534,-0.124
"Michael Conaway","Michael Conaway","R","TX","H",0.783602833747864,0.484,0.051
"Spencer Bachus","Spencer Bachus","R","AL","H",0.781293272972107,0.369,-0.013
"Mac Thornberry","Mac Thornberry","R","TX","H",0.777651965618134,0.493,0.002
"Randy Neugebauer","Randy Neugebauer","R","TX","H",0.774663269519806,0.506,0.07
"Nathan Deal","Nathan Deal","R","GA","H",0.770789206027985,0.474,0.058
"Tom Osborne","Tom Osborne","R","NE","H",0.759415447711945,0.306,-0.19
"John Linder","John Linder","R","GA","H",0.757599830627441,0.493,-0.126
"Rob Bishop","Rob Bishop","R","UT","H",0.744677126407623,0.462,-0.013
"Lynn Westmoreland","Lynn Westmoreland","R","GA","H",0.735211908817291,0.546,0.146
"Robert Bennett","Robert Bennett","R","UT","S",0.733464419841766,0.287,-0.183
"Orrin Hatch","Orrin Hatch","R","UT","S",0.733464419841766,0.338,-0.099
"Jerry Moran","Jerry Moran","R","KS","H",0.731334030628204,0.407,0.12
"Charles Norwood","Charles Norwood","R","GA","H",0.725315034389496,0.446,0.263
"Kevin Brady","Kevin Brady","R","TX","H",0.724741458892822,0.454,0.027
"Jeff Miller","Jeff Miller","R","FL","H",0.722756624221802,0.521,0.193
"Robert Aderholt","Robert Aderholt","R","AL","H",0.717306435108185,0.347,0.254
"Dan Burton","Dan Burton","R","IN","H",0.717209458351135,0.507,-0.029
"Frank Lucas","Frank Lucas","R","OK","H",0.717143177986145,0.359,0.114
"Bobby Jindal","Bobby Jindal","R","LA","H",0.712411642074585,0.359,0.089
"Tom Price","Tom Price","R","GA","H",0.704526960849762,0.552,-0.083
"Ralph Hall","Ralph Hall","R","TX","H",0.703608751296997,0.363,0.057
"Michael Enzi","Michael Enzi","R","WY","S",0.703127026557922,0.46,-0.011
"Craig Thomas","Craig Thomas","R","WY","S",0.703127026557922,0.429,-0.174
"Barbara Cubin","Barbara Cubin","R","WY","H",0.703127026557922,0.456,0.136
"Howard Coble","Howard Coble","R","NC","H",0.697141587734222,0.472,-0.054
"Steve Buyer","Steve Buyer","R","IN","H",0.697075605392456,0.388,0.02
"Louie Gohmert","Louie Gohmert","R","TX","H",0.694149851799011,0.449,0.133
"Butch Otter","Butch Otter","R","ID","H",0.693806767463684,0.556,0.064
"Ander Crenshaw","Ander Crenshaw","R","FL","H",0.693715035915375,0.369,-0.171
"Larry Craig","Larry Craig","R","ID","S",0.693227410316467,0.44,-0.036
"Michael Crapo","Michael Crapo","R","ID","S",0.693227410316467,0.394,-0.011
"Michael Simpson","Michael Simpson","R","ID","H",0.692586719989777,0.347,-0.104
"Bill Thomas","Bill Thomas","R","CA","H",0.686787843704224,0.363,-0.327
"Jack Kingston","Jack Kingston","R","GA","H",0.685291528701782,0.444,0.105
"Mark Souder","Mark Souder","R","IN","H",0.68457555770874,0.46,-0.218
"Walter Jones","Walter Jones","R","NC","H",0.67975640296936,0.357,0.417
"Roy Blunt","Roy Blunt","R","MO","H",0.6748566031456,0.432,-0.079
"Bill Shuster","Bill Shuster","R","PA","H",0.673140943050385,0.371,0.09
"Jeb Hensarling","Jeb Hensarling","R","TX","H",0.672734618186951,0.632,-0.104
"Ron Paul","Ron Paul","R","TX","H",0.671814560890198,0.793,-0.257
"Patrick Mchenry","Patrick Mchenry","R","NC","H",0.671359360218048,0.527,0.017
"Kay Granger","Kay Granger","R","TX","H",0.670065343379974,0.382,-0.188
"Joel Hefley","Joel Hefley","R","CO","H",0.669980347156525,0.557,-0.026
"Tom Cole","Tom Cole","R","OK","H",0.669846832752228,0.368,-0.077
"Terry Everett","Terry Everett","R","AL","H",0.669733166694641,0.387,0.285
"Chuck Hagel","Chuck Hagel","R","NE","S",0.668473362922668,0.293,-0.461
"Sam Johnson","Sam Johnson","R","TX","H",0.668292343616486,0.547,0.083
"Virginia Foxx","Virginia Foxx","R","NC","H",0.665983378887177,0.513,0.188
"John Carter","John Carter","R","TX","H",0.66547566652298,0.422,0.045
"Joe Barton","Joe Barton","R","TX","H",0.664837300777435,0.496,-0.032
"Marsha Blackburn","Marsha Blackburn","R","TN","H",0.663266956806183,0.544,-0.061
"J. Barrett","J. Barrett","R","SC","H",0.660668134689331,0.553,-0.026
"Bob Inglis","Bob Inglis","R","SC","H",0.65668535232544,0.537,-0.205
"Chip Pickering","Chip Pickering","R","MS","H",0.656409442424774,0.343,0.065
"James Inhofe","James Inhofe","R","OK","S",0.655704021453857,0.522,0.004
"Tom Coburn","Tom Coburn","R","OK","S",0.655704021453857,0.674,0.127
"Ron Lewis","Ron Lewis","R","KY","H",0.654592156410217,0.381,0.174
"Michael Oxley","Michael Oxley","R","OH","H",0.654525399208069,0.369,-0.161
"Roscoe Bartlett","Roscoe Bartlett","R","MD","H",0.654316306114197,0.497,-0.068
"John Sullivan","John Sullivan","R","OK","H",0.653777301311493,0.466,0.011
"Kenny Marchant","Kenny Marchant","R","TX","H",0.650971233844757,0.478,0.06
"Todd Tiahrt","Todd Tiahrt","R","KS","H",0.65090411901474,0.454,0.026
"John 'Jimmy' Duncan","John 'Jimmy' Duncan","R","TN","H",0.649603128433228,0.521,-0.068
"Jo Bonner","Jo Bonner","R","AL","H",0.647679448127747,0.368,-0.017
"Jeff Flake","Jeff Flake","R","AZ","H",0.646717548370361,0.735,-0.036
"Michael Burgess","Michael Burgess","R","TX","H",0.646217286586761,0.459,0.02
"John Boehner","John Boehner","R","OH","H",0.645624816417694,0.456,-0.117
"Henry Bonilla","Henry Bonilla","R","TX","H",0.645135700702667,0.391,-0.085
"Mike Pence","Mike Pence","R","IN","H",0.64442628622055,0.582,-0.035
"Tom DeLay","Tom DeLay","R","TX","H",0.643704771995544,0.538,-0.013
"John Culberson","John Culberson","R","TX","H",0.643492877483368,0.449,0.12
"Todd Platts","Todd Platts","R","PA","H",0.642508387565613,0.26,-0.135
"Ernest Istook","Ernest Istook","R","OK","H",0.641309976577759,0.441,0.017
"Doc Hastings","Doc Hastings","R","WA","H",0.64023357629776,0.409,0.007
"Rob Portman","Rob Portman","R","OH","H",0.639658451080322,0.378,-0.302
"Jean Schmidt","Jean Schmidt","R","OH","H",0.639658451080322,0.437,-0.16
"Jo Ann Emerson","Jo Ann Emerson","R","MO","H",0.639403164386749,0.271,0.129
"Jeff Fortenberry","Jeff Fortenberry","R","NE","H",0.638192057609558,0.325,-0.133
"Ed Whitfield","Ed Whitfield","R","KY","H",0.638087332248688,0.31,-0.015
"Bob Goodlatte","Bob Goodlatte","R","VA","H",0.637871205806732,0.432,0.001
"Geoff Davis","Geoff Davis","R","KY","H",0.637218058109283,0.372,0.064
"Jim Sensenbrenner","Jim Sensenbrenner","R","WI","H",0.636009156703949,0.603,-0.496
"Sue Myrick","Sue Myrick","R","NC","H",0.635853469371796,0.522,-0.121
"Ted Poe","Ted Poe","R","TX","H",0.633335590362549,0.421,0.282
"Lisa Murkowski","Lisa Murkowski","R","AK","S",0.632262825965881,0.198,-0.232
"Ted Stevens","Ted Stevens","R","AK","S",0.632262825965881,0.206,-0.376
"Don Young","Don Young","R","AK","H",0.632262825965881,0.265,-0.057
"Wayne Gilchrest","Wayne Gilchrest","R","MD","H",0.631899118423462,0.263,-0.645
"Darrell Issa","Darrell Issa","R","CA","H",0.631802797317505,0.465,-0.238
"John Boozman","John Boozman","R","AR","H",0.630632400512695,0.375,-0.005
"Wally Herger","Wally Herger","R","CA","H",0.629221618175507,0.494,0.015
"Jeff Sessions","Jeff Sessions","R","AL","S",0.628977715969086,0.456,0.004
"Richard Shelby","Richard Shelby","R","AL","S",0.628977715969086,0.338,0.121
"Sam Brownback","Sam Brownback","R","KS","S",0.628670990467072,0.372,-0.377
"Pat Roberts","Pat Roberts","R","KS","S",0.628670990467072,0.346,-0.173
"Roger Wicker","Roger Wicker","R","MS","H",0.627667903900146,0.349,0.115
"Gary Miller","Gary Miller","R","CA","H",0.627116084098816,0.45,-0.013
"Rodney Alexander","Rodney Alexander","R","LA","H",0.626346230506897,0.341,-0.057
"Jerry Lewis","Jerry Lewis","R","CA","H",0.625992774963379,0.326,-0.213
"John Doolittle","John Doolittle","R","CA","H",0.62112545967102,0.49,0.02
"Connie Mack","Connie Mack","R","FL","H",0.620275020599365,0.5,-0.113
"John Hostettler","John Hostettler","R","IN","H",0.619566202163696,0.579,0.073
"Duncan Hunter","Duncan Hunter","R","CA","H",0.619374454021454,0.422,0.03
"Michael McCaul","Michael McCaul","R","TX","H",0.618999302387238,0.424,-0.121
"Trent Franks","Trent Franks","R","AZ","H",0.618167400360107,0.622,0.071
"Joe Pitts","Joe Pitts","R","PA","H",0.617654502391815,0.513,-0.121
"George Radanovich","George Radanovich","R","CA","H",0.617474675178528,0.45,-0.036
"Greg Walden","Greg Walden","R","OR","H",0.616897642612457,0.359,-0.254
"John Cornyn","John Cornyn","R","TX","S",0.615101933479309,0.412,-0.011
"Kay Bailey Hutchison","Kay Bailey Hutchison","R","TX","S",0.615101933479309,0.293,-0.121
"Zachary Wamp","Zachary Wamp","R","TN","H",0.615078091621399,0.406,-0.045
"Eric Cantor","Eric Cantor","R","VA","H",0.614467620849609,0.506,-0.186
"Paul Gillmor","Paul Gillmor","R","OH","H",0.612941741943359,0.303,-0.118
"Henry Brown","Henry Brown","R","SC","H",0.611536085605621,0.366,-0.092
"John Peterson","John Peterson","R","PA","H",0.610937833786011,0.34,-0.007
"Edward Royce","Edward Royce","R","CA","H",0.610236704349518,0.629,-0.273
"John Shimkus","John Shimkus","R","IL","H",0.610030055046082,0.369,0.02
"Lee Terry","Lee Terry","R","NE","H",0.609970569610596,0.438,-0.167
"Cliff Stearns","Cliff Stearns","R","FL","H",0.609682083129883,0.503,-0.004
"Hal Rogers","Hal Rogers","R","KY","H",0.6095951795578,0.307,-0.057
"John Thune","John Thune","R","SD","S",0.609132885932922,0.324,0.083
"Peter Hoekstra","Peter Hoekstra","R","MI","H",0.606841564178467,0.515,-0.346
"Tom Tancredo","Tom Tancredo","R","CO","H",0.606667578220367,0.627,-0.017
"Jo Ann Davis","Jo Ann Davis","R","VA","H",0.605476438999176,0.356,0.168
"Lamar Smith","Lamar Smith","R","TX","H",0.605157554149628,0.372,-0.096
"Conrad Burns","Conrad Burns","R","MT","S",0.605000734329224,0.329,0.083
"Dennis Rehberg","Dennis Rehberg","R","MT","H",0.605000734329224,0.351,-0.086
"Richard Lugar","Richard Lugar","R","IN","S",0.604234755039215,0.262,-0.491
"Joe Wilson","Joe Wilson","R","SC","H",0.60410338640213,0.494,-0.082
"Charles Boustany","Charles Boustany","R","LA","H",0.603882312774658,0.403,-0.124
"Steve King","Steve King","R","IA","H",0.603498697280884,0.537,0.111
"Don Sherwood","Don Sherwood","R","PA","H",0.60210782289505,0.335,-0.188
"Todd Akin","Todd Akin","R","MO","H",0.600991189479828,0.528,0.074
"Jim Bunning","Jim Bunning","R","KY","S",0.600076198577881,0.465,-0.001
"Mitch McConnell","Mitch McConnell","R","KY","S",0.600076198577881,0.351,-0.076
"Jim Ryun","Jim Ryun","R","KS","H",0.599834382534027,0.478,0.118
"Thad Cochran","Thad Cochran","R","MS","S",0.599416136741638,0.257,-0.104
"Trent Lott","Trent Lott","R","MS","S",0.599416136741638,0.366,0.098
"Vernon Ehlers","Vernon Ehlers","R","MI","H",0.596740305423737,0.368,-0.682
"Pete Sessions","Pete Sessions","R","TX","H",0.596451938152313,0.535,0.005
"Ken Calvert","Ken Calvert","R","CA","H",0.596433639526367,0.346,-0.102
"Jim McCrery","Jim McCrery","R","LA","H",0.59596586227417,0.351,-0.083
"Buck McKeon","Buck McKeon","R","CA","H",0.595838189125061,0.394,-0.105
"Richard Baker","Richard Baker","R","LA","H",0.594743132591248,0.378,-0.014
"Michael Sodrel","Michael Sodrel","R","IN","H",0.593722462654114,0.394,-0.015
"Christopher Cox","Christopher Cox","R","CA","H",0.591062247753143,0.524,-0.232
"John Campbell","John Campbell","R","CA","H",0.591062247753143,0.625,-0.204
"Kenny Hulshof","Kenny Hulshof","R","MO","H",0.590717494487762,0.396,-0.026
"Daniel Lungren","Daniel Lungren","R","CA","H",0.588014662265778,0.487,-0.168
"Jim DeMint","Jim DeMint","R","SC","S",0.586353600025177,0.574,-0.076
"Lindsey Graham","Lindsey Graham","R","SC","S",0.586353600025177,0.362,-0.14
"Mike D. Rogers","Mike D. Rogers","R","AL","H",0.585904359817505,0.325,0.004
"Ginny Brown-Waite","Ginny Brown-Waite","R","FL","H",0.58551013469696,0.335,0.063
"Marilyn Musgrave","Marilyn Musgrave","R","CO","H",0.584434747695923,0.502,0.068
"Saxby Chambliss","Saxby Chambliss","R","GA","S",0.583542346954346,0.363,0.113
"Johnny Isakson","Johnny Isakson","R","GA","S",0.583542346954346,0.384,-0.104
"Stevan Pearce","Stevan Pearce","R","NM","H",0.583121240139008,0.426,-0.151
"Jim Gibbons","Jim Gibbons","R","NV","H",0.582679986953735,0.457,-0.121
"Adam Putnam","Adam Putnam","R","FL","H",0.582550942897797,0.409,-0.13
"John Shadegg","John Shadegg","R","AZ","H",0.582490921020508,0.644,-0.065
"Thelma Drake","Thelma Drake","R","VA","H",0.581428527832031,0.376,-0.029
"Ray LaHood","Ray LaHood","R","IL","H",0.580822348594666,0.276,-0.221
"Rodney Frelinghuysen","Rodney Frelinghuysen","R","NJ","H",0.579695641994476,0.321,-0.633
"Dana Rohrabacher","Dana Rohrabacher","R","CA","H",0.577566802501678,0.603,-0.301
"Sam Graves","Sam Graves","R","MO","H",0.575097501277924,0.403,0.107
"Scott Garrett","Scott Garrett","R","NJ","H",0.573878347873688,0.577,-0.06
"Randy Kuhl","Randy Kuhl","R","NY","H",0.573353886604309,0.285,-0.102
"David Vitter","David Vitter","R","LA","S",0.573309421539307,0.44,0.11
"Shelley Moore Capito","Shelley Moore Capito","R","WV","H",0.573264181613922,0.265,-0.207
"Robert Ney","Robert Ney","R","OH","H",0.57312661409378,0.269,0.005
"Mark Kennedy","Mark Kennedy","R","MN","H",0.572681963443756,0.471,-0.143
"Charles Taylor","Charles Taylor","R","NC","H",0.572246670722961,0.426,0.042
"Bill Frist","Bill Frist","R","TN","S",0.571854472160339,0.313,-0.264
"Lamar Alexander","Lamar Alexander","R","TN","S",0.571854472160339,0.278,-0.243
"David Hobson","David Hobson","R","OH","H",0.571705937385559,0.331,-0.338
"Randy Forbes","Randy Forbes","R","VA","H",0.571140289306641,0.385,0.058
"Thomas Petri","Thomas Petri","R","WI","H",0.570626795291901,0.438,-0.401
"Dave Weldon","Dave Weldon","R","FL","H",0.570414364337921,0.444,-0.064
"Michael Bilirakis","Michael Bilirakis","R","FL","H",0.569665253162384,0.35,-0.192
"Lincoln Diaz-Balart","Lincoln Diaz-Balart","R","FL","H",0.569543480873108,0.279,-0.273
"John Mica","John Mica","R","FL","H",0.56831294298172,0.404,-0.033
"Candice Miller","Candice Miller","R","MI","H",0.568089365959167,0.315,-0.105
"Mary Bono","Mary Bono","R","CA","H",0.565413057804108,0.362,-0.377
"Virgil Goode","Virgil Goode","R","VA","H",0.565248370170593,0.41,0.324
"Chris Chocola","Chris Chocola","R","IN","H",0.564423561096191,0.521,-0.182
"Elton Gallegly","Elton Gallegly","R","CA","H",0.564020395278931,0.359,-0.152
"Mario Diaz-Balart","Mario Diaz-Balart","R","FL","H",0.562898278236389,0.385,-0.268
"Richard Burr","Richard Burr","R","NC","S",0.562419712543488,0.397,-0.064
"Elizabeth Dole","Elizabeth Dole","R","NC","S",0.562419712543488,0.307,-0.024
"Christopher Smith","Christopher Smith","R","NJ","H",0.562215209007263,0.162,-0.274
"Katherine Harris","Katherine Harris","R","FL","H",0.561797678470612,0.444,-0.251
"Thomas Reynolds","Thomas Reynolds","R","NY","H",0.561655044555664,0.359,-0.23
"J. Dennis Hastert","J. Dennis Hastert","R","IL","H",0.558440864086151,0.422,-0.161
"David Dreier","David Dreier","R","CA","H",0.557957589626312,0.454,-0.188
"Donald Manzullo","Donald Manzullo","R","IL","H",0.557287335395813,0.465,-0.04
"Randy 'Duke' Cunningham","Randy 'Duke' Cunningham","R","CA","H",0.557269930839539,0.368,-0.054
"Phil Gingrey","Phil Gingrey","R","GA","H",0.556020379066467,0.449,0.085
"Frank Wolf","Frank Wolf","R","VA","H",0.555601298809052,0.276,-0.274
"Dave Camp","Dave Camp","R","MI","H",0.55432790517807,0.359,-0.196
"Mark Green","Mark Green","R","WI","H",0.554029643535614,0.432,-0.143
"Jon Kyl","Jon Kyl","R","AZ","S",0.552750051021576,0.49,-0.432
"John McCain","John McCain","R","AZ","S",0.552750051021576,0.304,-0.51
"Tom Feeney","Tom Feeney","R","FL","H",0.552386283874512,0.557,-0.046
"Judith Biggert","Judith Biggert","R","IL","H",0.552354276180267,0.384,-0.645
"Vito Fossella","Vito Fossella","R","NY","H",0.550957918167114,0.431,-0.327
"Joe Schwarz","Joe Schwarz","R","MI","H",0.547496438026428,0.254,-0.368
"Melissa Hart","Melissa Hart","R","PA","H",0.546796381473541,0.401,-0.135
"Ric Keller","Ric Keller","R","FL","H",0.546580493450165,0.426,-0.079
"John Kline","John Kline","R","MN","H",0.545324504375458,0.477,-0.146
"Robin Hayes","Robin Hayes","R","NC","H",0.544950246810913,0.35,0.158
"Michael Turner","Michael Turner","R","OH","H",0.544828772544861,0.304,-0.199
"J.D. Hayworth","J.D. Hayworth","R","AZ","H",0.544162154197693,0.496,-0.046
"Ileana Ros-Lehtinen","Ileana Ros-Lehtinen","R","FL","H",0.544018983840942,0.269,-0.364
"Richard Pombo","Richard Pombo","R","CA","H",0.543617725372314,0.462,0.243
"Tim Murphy","Tim Murphy","R","PA","H",0.543184041976929,0.263,-0.105
"Mike J. Rogers","Mike J. Rogers","R","MI","H",0.542551934719086,0.401,-0.132
"Sue Kelly","Sue Kelly","R","NY","H",0.542491137981415,0.272,-0.627
"Mark Foley","Mark Foley","R","FL","H",0.542469620704651,0.322,-0.426
"Rick Renzi","Rick Renzi","R","AZ","H",0.541939496994019,0.276,0.007
"George Allen","George Allen","R","VA","S",0.541336953639984,0.353,-0.105
"John Warner","John Warner","R","VA","S",0.541336953639984,0.225,-0.22
"Ralph Regula","Ralph Regula","R","OH","H",0.540133535861969,0.234,-0.257
"John Sweeney","John Sweeney","R","NY","H",0.539636135101318,0.346,-0.291
"Paul Ryan","Paul Ryan","R","WI","H",0.537463903427124,0.544,-0.317
"Jerry Weller","Jerry Weller","R","IL","H",0.536519706249237,0.387,-0.232
"Jim Talent","Jim Talent","R","MO","S",0.536197125911713,0.338,-0.036
"Kit Bond","Kit Bond","R","MO","S",0.536197125911713,0.281,-0.239
"Henry Hyde","Henry Hyde","R","IL","H",0.533959090709686,0.313,-0.164
"Fred Upton","Fred Upton","R","MI","H",0.533531486988068,0.316,-0.501
"Philip English","Philip English","R","PA","H",0.532680988311768,0.362,-0.335
"Jim Kolbe","Jim Kolbe","R","AZ","H",0.532302260398865,0.371,-0.574
"Mike Ferguson","Mike Ferguson","R","NJ","H",0.531411945819855,0.296,-0.452
"Sherwood Boehlert","Sherwood Boehlert","R","NY","H",0.530461013317108,0.135,-0.649
"Thad McCotter","Thad McCotter","R","MI","H",0.528455853462219,0.334,-0.043
"Steven LaTourette","Steven LaTourette","R","OH","H",0.527451038360596,0.237,-0.235
"Mel Martinez","Mel Martinez","R","FL","S",0.525236785411835,0.259,-0.255
"Peter King","Peter King","R","NY","H",0.524013102054596,0.276,-0.229
"Wayne Allard","Wayne Allard","R","CO","S",0.523662269115448,0.497,-0.199
"John McHugh","John McHugh","R","NY","H",0.52128678560257,0.231,-0.163
"Gilbert Gutknecht","Gilbert Gutknecht","R","MN","H",0.518352389335632,0.475,0.063
"Jim Ramstad","Jim Ramstad","R","MN","H",0.514670372009277,0.391,-0.685
"John Ensign","John Ensign","R","NV","S",0.513175964355469,0.425,-0.446
"Jim Saxton","Jim Saxton","R","NJ","H",0.5125852227211,0.247,-0.388
"Tom Latham","Tom Latham","R","IA","H",0.511937439441681,0.349,-0.077
"Bill Young","Bill Young","R","FL","H",0.511852324008942,0.31,-0.17
"Jeb Bradley","Jeb Bradley","R","NH","H",0.511702418327332,0.374,-0.463
"Mike DeWine","Mike DeWine","R","OH","S",0.510587632656097,0.231,-0.374
"George Voinovich","George Voinovich","R","OH","S",0.510587632656097,0.221,-0.724
"Pat Tiberi","Pat Tiberi","R","OH","H",0.50885671377182,0.438,-0.282
"Joe Knollenberg","Joe Knollenberg","R","MI","H",0.50846391916275,0.372,-0.218
"Jon Porter","Jon Porter","R","NV","H",0.506783127784729,0.268,-0.161
"Steve Chabot","Steve Chabot","R","OH","H",0.505405783653259,0.54,-0.26
"Frank LoBiondo","Frank LoBiondo","R","NJ","H",0.504154741764069,0.304,-0.466
"Pete Domenici","Pete Domenici","R","NM","S",0.504003345966339,0.237,-0.251
"Deborah Pryce","Deborah Pryce","R","OH","H",0.503653883934021,0.353,-0.473
"Charles Grassley","Charles Grassley","R","IA","S",0.503366768360138,0.284,-0.085
"Tom Davis","Tom Davis","R","VA","H",0.503199994564056,0.322,-0.517
"Charles Dent","Charles Dent","R","PA","H",0.498794615268707,0.275,-0.271
"Nancy Johnson","Nancy Johnson","R","CT","H",0.498183727264404,0.171,-0.569
"Judd Gregg","Judd Gregg","R","NH","S",0.493097126483917,0.357,-0.666
"John Sununu","John Sununu","R","NH","S",0.493097126483917,0.428,-0.539
"Anne Northup","Anne Northup","R","KY","H",0.489841938018799,0.341,-0.192
"Rick Santorum","Rick Santorum","R","PA","S",0.487417191267014,0.315,-0.304
"Arlen Specter","Arlen Specter","R","PA","S",0.487417191267014,0.041,-0.474
"James Walsh","James Walsh","R","NY","H",0.487076550722122,0.231,-0.292
"David Reichert","David Reichert","R","WA","H",0.486542046070099,0.272,-0.482
"Bob Beauprez","Bob Beauprez","R","CO","H",0.483819097280502,0.468,-0.092
"Heather Wilson","Heather Wilson","R","NM","H",0.483613163232803,0.253,-0.177
"Jim Gerlach","Jim Gerlach","R","PA","H",0.483341306447983,0.247,-0.313
"Michael Fitzpatrick","Michael Fitzpatrick","R","PA","H",0.482806265354156,0.156,-0.371
"Norm Coleman","Norm Coleman","R","MN","S",0.482390880584717,0.16,-0.143
"Gordon Smith","Gordon Smith","R","OR","S",0.478913754224777,0.159,-0.246
"Clay Shaw","Clay Shaw","R","FL","H",0.475349396467209,0.316,-0.227
"Charles Bass","Charles Bass","R","NH","H",0.474675893783569,0.385,-0.66
"Mark Kirk","Mark Kirk","R","IL","H",0.472382664680481,0.332,-0.735
"Curt Weldon","Curt Weldon","R","PA","H",0.469355702400208,0.226,-0.317
"Christopher Shays","Christopher Shays","R","CT","H",0.469084560871124,0.185,-0.816
"Jim Nussle","Jim Nussle","R","IA","H",0.467326432466507,0.381,-0.207
"Michael Castle","Michael Castle","R","DE","H",0.461684942245483,0.263,-0.698
"Susan Collins","Susan Collins","R","ME","S",0.45416983962059,0.082,-0.564
"Olympia Snowe","Olympia Snowe","R","ME","S",0.45416983962059,0.073,-0.467
"Rob Simmons","Rob Simmons","R","CT","H",0.450593501329422,0.191,-0.527
"James Leach","James Leach","R","IA","H",0.44217237830162,0.137,-0.673
"James Jeffords","James Jeffords","I","VT","S",0.396989971399307,-0.258,-0.254
"Bernard Sanders","Bernard Sanders","I","VT","H",0.396989971399307,-0.443,-0.245
"Lincoln Chafee","Lincoln Chafee","R","RI","S",0.394224882125854,-0.018,-0.632
"Chet Edwards","Chet Edwards","D","TX","H",0.698605239391327,-0.188,0.298
"Gene Taylor","Gene Taylor","D","MS","H",0.68711119890213,-0.057,0.596
"Jim Matheson","Jim Matheson","D","UT","H",0.67767608165741,-0.143,0.474
"Ben Nelson","Ben Nelson","D","NE","S",0.668473362922668,-0.027,0.311
"Ike Skelton","Ike Skelton","D","MO","H",0.645738065242767,-0.132,0.529
"Kent Conrad","Kent Conrad","D","ND","S",0.639093518257141,-0.258,0.544
"Byron Dorgan","Byron Dorgan","D","ND","S",0.639093518257141,-0.238,0.226
"Earl Pomeroy","Earl Pomeroy","D","ND","H",0.639093518257141,-0.208,0.183
"Tim Johnson","Tim Johnson","D","SD","S",0.609132885932922,-0.209,0.136
"Stephanie Herseth","Stephanie Herseth","D","SD","H",0.609132885932922,-0.184,0.317
"Max Baucus","Max Baucus","D","MT","S",0.605000734329224,-0.213,0.235
"Evan Bayh","Evan Bayh","D","IN","S",0.604234755039215,-0.163,0.186
"Bud Cramer","Bud Cramer","D","AL","H",0.602304220199585,-0.103,0.371
"Rick Boucher","Rick Boucher","D","VA","H",0.602152407169342,-0.23,0.118
"Bart Gordon","Bart Gordon","D","TN","H",0.600814878940582,-0.169,0.186
"Dan Boren","Dan Boren","D","OK","H",0.593815743923187,-0.099,0.452
"Ben Chandler","Ben Chandler","D","KY","H",0.586318075656891,-0.19,0.19
"Charles Melancon","Charles Melancon","D","LA","H",0.585217118263245,-0.14,0.385
"Lincoln Davis","Lincoln Davis","D","TN","H",0.584490954875946,-0.159,0.398
"Alan Mollohan","Alan Mollohan","D","WV","H",0.581696093082428,-0.255,0.482
"Tim Holden","Tim Holden","D","PA","H",0.581289350986481,-0.18,0.386
"John Spratt","John Spratt","D","SC","H",0.576963603496552,-0.205,0.138
"Mary Landrieu","Mary Landrieu","D","LA","S",0.573309421539307,-0.168,0.279
"Robert Byrd","Robert Byrd","D","WV","S",0.564797103404999,-0.241,0.542
"Jay Rockefeller","Jay Rockefeller","D","WV","S",0.564797103404999,-0.293,0.189
"Collin Peterson","Collin Peterson","D","MN","H",0.562930762767792,-0.132,0.521
"Mike McIntyre","Mike McIntyre","D","NC","H",0.561238348484039,-0.137,0.476
"John Salazar","John Salazar","D","CO","H",0.557613968849182,-0.218,0.211
"Melissa Bean","Melissa Bean","D","IL","H",0.557345747947693,-0.172,0.289
"Dennis Moore","Dennis Moore","D","KS","H",0.553219795227051,-0.205,0.042
"Solomon Ortiz","Solomon Ortiz","D","TX","H",0.549603939056396,-0.23,0.47
"Ruben Hinojosa","Ruben Hinojosa","D","TX","H",0.549363315105438,-0.256,0.057
"Mark Pryor","Mark Pryor","D","AR","S",0.54935747385025,-0.163,0.155
"Blanche Lincoln","Blanche Lincoln","D","AR","S",0.54935747385025,-0.153,0.198
"Bob Etheridge","Bob Etheridge","D","NC","H",0.543001353740692,-0.225,0.11
"Allen Boyd","Allen Boyd","D","FL","H",0.542061328887939,-0.146,0.232
"Bart Stupak","Bart Stupak","D","MI","H",0.539336621761322,-0.309,0.476
"Sanford Bishop","Sanford Bishop","D","GA","H",0.538226068019867,-0.222,0.252
"Nick Rahall","Nick Rahall","D","WV","H",0.536011636257172,-0.271,0.226
"John Tanner","John Tanner","D","TN","H",0.530657529830933,-0.155,0.463
"Henry Cuellar","Henry Cuellar","D","TX","H",0.525330543518066,-0.159,0.282
"Bill Nelson","Bill Nelson","D","FL","S",0.525236785411835,-0.153,0.19
"Kenneth Salazar","Kenneth Salazar","D","CO","S",0.523662269115448,-0.187,0.007
"Marion Berry","Marion Berry","D","AR","H",0.522998034954071,-0.244,0.591
"Mike Ross","Mike Ross","D","AR","H",0.51950877904892,-0.184,0.418
"Vic Snyder","Vic Snyder","D","AR","H",0.519498348236084,-0.209,-0.07
"Harry Reid","Harry Reid","D","NV","S",0.513175964355469,-0.258,0.279
"Brian Baird","Brian Baird","D","WA","H",0.509500324726105,-0.274,0.21
"Ted Strickland","Ted Strickland","D","OH","H",0.508089065551758,-0.308,0.249
"Loretta Sanchez","Loretta Sanchez","D","CA","H",0.507230579853058,-0.294,-0.013
"Darlene Hooley","Darlene Hooley","D","OR","H",0.506308257579803,-0.253,-0.08
"Jeff Bingaman","Jeff Bingaman","D","NM","S",0.504003345966339,-0.247,0.111
"Timothy Bishop","Timothy Bishop","D","NY","H",0.50340062379837,-0.268,-0.127
"Tom Harkin","Tom Harkin","D","IA","S",0.503366768360138,-0.375,-0.167
"Dennis Cardoza","Dennis Cardoza","D","CA","H",0.501228749752045,-0.208,0.155
"Leonard Boswell","Leonard Boswell","D","IA","H",0.50043123960495,-0.194,0.17
"Peter DeFazio","Peter DeFazio","D","OR","H",0.498420566320419,-0.368,0.088
"Russell Feingold","Russell Feingold","D","WI","S",0.498081982135773,-0.544,-0.471
"Herb Kohl","Herb Kohl","D","WI","S",0.498081982135773,-0.258,-0.208
"David Obey","David Obey","D","WI","H",0.492996633052826,-0.375,-0.074
"Jim Costa","Jim Costa","D","CA","H",0.48913848400116,-0.18,0.17
"John Murtha","John Murtha","D","PA","H",0.485485196113586,-0.241,0.451
"Lane Evans","Lane Evans","D","IL","H",0.483824580907822,-0.377,-0.226
"Debbie Stabenow","Debbie Stabenow","D","MI","S",0.482741564512253,-0.291,0.06
"Carl Levin","Carl Levin","D","MI","S",0.482741564512253,-0.365,0.002
"Mark Dayton","Mark Dayton","D","MN","S",0.482390880584717,-0.368,0.152
"Ron Kind","Ron Kind","D","WI","H",0.481209397315979,-0.246,-0.03
"Rick Larsen","Rick Larsen","D","WA","H",0.480389624834061,-0.293,0.158
"Ron Wyden","Ron Wyden","D","OR","S",0.478913754224777,-0.284,-0.239
"Jim Cooper","Jim Cooper","D","TN","H",0.478879451751709,-0.202,0.252
"Jerry Costello","Jerry Costello","D","IL","H",0.478844285011292,-0.252,0.442
"Brad Miller","Brad Miller","D","NC","H",0.4739690721035,-0.281,-0.142
"Neil Abercrombie","Neil Abercrombie","D","HI","H",0.472742170095444,-0.375,-0.089
"Paul Kanjorski","Paul Kanjorski","D","PA","H",0.471706688404083,-0.247,0.26
"Michael Michaud","Michael Michaud","D","ME","H",0.470298916101456,-0.25,0.015
"James Oberstar","James Oberstar","D","MN","H",0.466836929321289,-0.431,0.182
"Jon Corzine","Jon Corzine","D","NJ","S",0.466294646263123,-0.408,-0.258
"Frank Lautenberg","Frank Lautenberg","D","NJ","S",0.466294646263123,-0.372,-0.341
"Maria Cantwell","Maria Cantwell","D","WA","S",0.463534623384476,-0.262,-0.227
"Patty Murray","Patty Murray","D","WA","S",0.463534623384476,-0.312,-0.132
"Adam Smith","Adam Smith","D","WA","H",0.463238567113876,-0.202,-0.168
"Steve Israel","Steve Israel","D","NY","H",0.461992889642715,-0.252,-0.193
"Joseph Biden","Joseph Biden","D","DE","S",0.461684942245483,-0.31,0.043
"Thomas Carper","Thomas Carper","D","DE","S",0.461684942245483,-0.143,-0.186
"Bob Filner","Bob Filner","D","CA","H",0.461522728204727,-0.499,-0.085
"John Barrow","John Barrow","D","GA","H",0.461430907249451,-0.094,0.274
"Tom Udall","Tom Udall","D","NM","H",0.459279894828796,-0.356,0.132
"Norman Dicks","Norman Dicks","D","WA","H",0.458054840564728,-0.253,0.027
"Daniel Akaka","Daniel Akaka","D","HI","S",0.455955505371094,-0.368,0.186
"Daniel Inouye","Daniel Inouye","D","HI","S",0.455955505371094,-0.297,0.104
"Ben Cardin","Ben Cardin","D","MD","H",0.455938071012497,-0.291,-0.251
"Maurice Hinchey","Maurice Hinchey","D","NY","H",0.455870300531387,-0.459,-0.111
"Brian Higgins","Brian Higgins","D","NY","H",0.455274045467377,-0.263,-0.033
"Rush Holt","Rush Holt","D","NJ","H",0.455096483230591,-0.374,-0.217
"Dutch Ruppersberger","Dutch Ruppersberger","D","MD","H",0.45112544298172,-0.224,-0.051
"Barbara Boxer","Barbara Boxer","D","CA","S",0.449586808681488,-0.406,-0.22
"Dianne Feinstein","Dianne Feinstein","D","CA","S",0.449586808681488,-0.255,-0.093
"Charles Gonzalez","Charles Gonzalez","D","TX","H",0.449280083179474,-0.28,-0.033
"Carolyn McCarthy","Carolyn McCarthy","D","NY","H",0.44799992442131,-0.231,-0.163
"Dick Durbin","Dick Durbin","D","IL","S",0.447913646697998,-0.346,-0.213
"Barack Obama","Barack Obama","D","IL","S",0.447913646697998,-0.313,-0.177
"Christopher Dodd","Christopher Dodd","D","CT","S",0.447250515222549,-0.319,-0.174
"Joseph Lieberman","Joseph Lieberman","D","CT","S",0.447250515222549,-0.202,-0.204
"David Wu","David Wu","D","OR","H",0.446510046720505,-0.313,0.063
"David Price","David Price","D","NC","H",0.444831252098083,-0.266,-0.093
"Gene Green","Gene Green","D","TX","H",0.443496763706207,-0.269,0.261
"Peter Visclosky","Peter Visclosky","D","IN","H",0.443318426609039,-0.316,0.136
"Sherrod Brown","Sherrod Brown","D","OH","H",0.442578047513962,-0.377,-0.138
"Ed Case","Ed Case","D","HI","H",0.440199911594391,-0.162,-0.176
"Michael McNulty","Michael McNulty","D","NY","H",0.439418703317642,-0.309,0.204
"Thomas Allen","Thomas Allen","D","ME","H",0.43923744559288,-0.321,-0.157
"Anthony Weiner","Anthony Weiner","D","NY","H",0.438782930374146,-0.327,-0.37
"William Delahunt","William Delahunt","D","MA","H",0.437904894351959,-0.399,-0.308
"Allyson Schwartz","Allyson Schwartz","D","PA","H",0.435613334178925,-0.26,-0.064
"Silvestre Reyes","Silvestre Reyes","D","TX","H",0.435042560100555,-0.246,0.143
"Barbara Mikulski","Barbara Mikulski","D","MD","S",0.434344172477722,-0.338,-0.011
"Paul Sarbanes","Paul Sarbanes","D","MD","S",0.434344172477722,-0.408,-0.102
"Frank Pallone","Frank Pallone","D","NJ","H",0.432286441326141,-0.31,-0.14
"Russ Carnahan","Russ Carnahan","D","MO","H",0.43071711063385,-0.255,-0.089
"Jay Inslee","Jay Inslee","D","WA","H",0.430239975452423,-0.275,-0.246
"Raul Grijalva","Raul Grijalva","D","AZ","H",0.430191248655319,-0.458,-0.26
"Rosa DeLauro","Rosa DeLauro","D","CT","H",0.425130724906921,-0.34,-0.164
"G.K. Butterfield","G.K. Butterfield","D","NC","H",0.425087600946426,-0.285,-0.061
"Shelley Berkley","Shelley Berkley","D","NV","H",0.425082713365555,-0.244,-0.102
"Nita Lowey","Nita Lowey","D","NY","H",0.421988368034363,-0.316,-0.324
"Steny Hoyer","Steny Hoyer","D","MD","H",0.421257555484772,-0.333,0.079
"Martin Meehan","Martin Meehan","D","MA","H",0.420277386903763,-0.335,-0.445
"Dennis Kucinich","Dennis Kucinich","D","OH","H",0.416658073663712,-0.518,0.232
"Julia Carson","Julia Carson","D","IN","H",0.41649341583252,-0.372,-0.196
"Marcy Kaptur","Marcy Kaptur","D","OH","H",0.416487544775009,-0.281,0.093
"James Langevin","James Langevin","D","RI","H",0.416055917739868,-0.291,0.036
"Jim Davis","Jim Davis","D","FL","H",0.415692031383514,-0.219,-0.079
"John Tierney","John Tierney","D","MA","H",0.414070099592209,-0.424,-0.308
"Mark Udall","Mark Udall","D","CO","H",0.412983387708664,-0.299,0.11
"Joe Baca","Joe Baca","D","CA","H",0.411720544099808,-0.262,0.099
"Steven Rothman","Steven Rothman","D","NJ","H",0.411580294370651,-0.285,-0.207
"Bill Pascrell","Bill Pascrell","D","NJ","H",0.411234050989151,-0.294,-0.098
"Daniel Lipinski","Daniel Lipinski","D","IL","H",0.409355938434601,-0.222,0.158
"Ellen Tauscher","Ellen Tauscher","D","CA","H",0.40863448381424,-0.252,-0.238
"Lois Capps","Lois Capps","D","CA","H",0.408611506223679,-0.321,-0.317
"Dale Kildee","Dale Kildee","D","MI","H",0.408216863870621,-0.321,-0.04
"Linda Sanchez","Linda Sanchez","D","CA","H",0.407599747180939,-0.403,-0.273
"Hillary Clinton","Hillary Clinton","D","NY","S",0.40712234377861,-0.328,-0.11
"Chuck Schumer","Chuck Schumer","D","NY","S",0.40712234377861,-0.313,-0.31
"Bennie Thompson","Bennie Thompson","D","MS","H",0.405163705348969,-0.397,0.235
"Emanuel Cleaver","Emanuel Cleaver","D","MO","H",0.40410578250885,-0.35,-0.201
"James McGovern","James McGovern","D","MA","H",0.402901291847229,-0.43,-0.226
"Jane Harman","Jane Harman","D","CA","H",0.401751905679703,-0.227,-0.163
"Richard Neal","Richard Neal","D","MA","H",0.400659263134003,-0.333,-0.139
"Brad Sherman","Brad Sherman","D","CA","H",0.398208916187286,-0.3,-0.232
"Patrick Leahy","Patrick Leahy","D","VT","S",0.396989971399307,-0.355,-0.054
"Jack Reed","Jack Reed","D","RI","S",0.394224882125854,-0.363,-0.171
"Robert Andrews","Robert Andrews","D","NJ","H",0.394072920084,-0.255,-0.168
"John Larson","John Larson","D","CT","H",0.393261611461639,-0.333,-0.151
"Sander Levin","Sander Levin","D","MI","H",0.392855584621429,-0.305,-0.16
"James Clyburn","James Clyburn","D","SC","H",0.391641050577164,-0.374,0.086
"Mike Thompson","Mike Thompson","D","CA","H",0.391185939311981,-0.319,0.189
"Doris Matsui","Doris Matsui","D","CA","H",0.382879018783569,-0.358,-0.249
"John Dingell","John Dingell","D","MI","H",0.382198333740234,-0.427,0.218
"Susan Davis","Susan Davis","D","CA","H",0.380809158086777,-0.268,-0.267
"Adam Schiff","Adam Schiff","D","CA","H",0.378888875246048,-0.268,-0.236
"Tammy Baldwin","Tammy Baldwin","D","WI","H",0.376454174518585,-0.446,-0.299
"Betty McCollum","Betty McCollum","D","MN","H",0.375062346458435,-0.352,-0.288
"Edward Kennedy","Edward Kennedy","D","MA","S",0.372571438550949,-0.427,-0.286
"John Kerry","John Kerry","D","MA","S",0.372571438550949,-0.353,-0.188
"Melvin Watt","Melvin Watt","D","NC","H",0.372360229492188,-0.44,-0.317
"Tim Ryan","Tim Ryan","D","OH","H",0.37196946144104,-0.324,0.126
"Patrick Kennedy","Patrick Kennedy","D","RI","H",0.371206134557724,-0.33,-0.132
"Hilda Solis","Hilda Solis","D","CA","H",0.370120614767075,-0.406,-0.332
"Lloyd Doggett","Lloyd Doggett","D","TX","H",0.369671761989594,-0.356,-0.21
"Gary Ackerman","Gary Ackerman","D","NY","H",0.36786487698555,-0.374,-0.257
"Louise Slaughter","Louise Slaughter","D","NY","H",0.363320082426071,-0.366,-0.154
"Mike Honda","Mike Honda","D","CA","H",0.363303452730179,-0.43,-0.454
"Debbie Wasserman Schultz","Debbie Wasserman Schultz","D","FL","H",0.361813127994537,-0.327,-0.235
"Stephen Lynch","Stephen Lynch","D","MA","H",0.36159810423851,-0.299,0.051
"John Olver","John Olver","D","MA","H",0.359370619058609,-0.455,-0.243
"Zoe Lofgren","Zoe Lofgren","D","CA","H",0.358835399150848,-0.344,-0.476
"David Scott","David Scott","D","GA","H",0.357941091060638,-0.23,0.083
"James Moran","James Moran","D","VA","H",0.354968816041946,-0.258,-0.274
"Artur Davis","Artur Davis","D","AL","H",0.35471385717392,-0.209,0.139
"Corrine Brown","Corrine Brown","D","FL","H",0.350611388683319,-0.333,-0.018
"Grace Napolitano","Grace Napolitano","D","CA","H",0.339701950550079,-0.352,-0.233
"Barney Frank","Barney Frank","D","MA","H",0.338808387517929,-0.427,-0.496
"Robert Wexler","Robert Wexler","D","FL","H",0.337526679039001,-0.319,-0.298
"Sam Farr","Sam Farr","D","CA","H",0.334792941808701,-0.381,-0.305
"Edward Markey","Edward Markey","D","MA","H",0.334043890237808,-0.416,-0.404
"Robert Scott","Robert Scott","D","VA","H",0.333393603563309,-0.374,-0.104
"Henry Waxman","Henry Waxman","D","CA","H",0.331153273582458,-0.409,-0.373
"Eliot Engel","Eliot Engel","D","NY","H",0.330449014902115,-0.328,-0.274
"Rahm Emanuel","Rahm Emanuel","D","IL","H",0.329663425683975,-0.296,-0.202
"Earl Blumenauer","Earl Blumenauer","D","OR","H",0.328533738851547,-0.369,-0.623
"George Miller","George Miller","D","CA","H",0.321584969758987,-0.438,-0.371
"Jan Schakowsky","Jan Schakowsky","D","IL","H",0.316418766975403,-0.465,-0.305
"Diana DeGette","Diana DeGette","D","CO","H",0.310968160629272,-0.356,-0.398
"Robert Menendez","Robert Menendez","D","NJ","H",0.310540765523911,-0.319,-0.176
"Anna Eshoo","Anna Eshoo","D","CA","H",0.30613175034523,-0.321,-0.47
"Chris Van Hollen","Chris Van Hollen","D","MD","H",0.304657697677612,-0.309,-0.308
"Lucille Roybal-Allard","Lucille Roybal-Allard","D","CA","H",0.302234411239624,-0.38,-0.346
"Harold Ford","Harold Ford","D","TN","H",0.301424860954285,-0.293,0.19
"Michael Doyle","Michael Doyle","D","PA","H",0.30044361948967,-0.269,0.139
"Al Green","Al Green","D","TX","H",0.300105541944504,-0.33,-0.076
"Gwen Moore","Gwen Moore","D","WI","H",0.299911379814148,-0.425,-0.466
"Lynn Woolsey","Lynn Woolsey","D","CA","H",0.285740464925766,-0.469,-0.535
"Pete Stark","Pete Stark","D","CA","H",0.282778531312943,-0.536,-0.53
"Howard Berman","Howard Berman","D","CA","H",0.281948328018188,-0.349,-0.358
"Martin Sabo","Martin Sabo","D","MN","H",0.281019955873489,-0.428,-0.117
"Sheila Jackson-Lee","Sheila Jackson-Lee","D","TX","H",0.280337870121002,-0.374,-0.074
"Cynthia McKinney","Cynthia McKinney","D","GA","H",0.278182744979858,-0.452,-0.505
"Tom Lantos","Tom Lantos","D","CA","H",0.275736749172211,-0.309,-0.098
"Jerrold Nadler","Jerrold Nadler","D","NY","H",0.271013826131821,-0.422,-0.53
"John Lewis","John Lewis","D","GA","H",0.27081298828125,-0.477,-0.274
"Elijah Cummings","Elijah Cummings","D","MD","H",0.265818387269974,-0.34,-0.273
"Joseph Crowley","Joseph Crowley","D","NY","H",0.255604058504105,-0.318,-0.13
"Eddie Johnson","Eddie Johnson","D","TX","H",0.249073177576065,-0.394,0.073
"William Clay","William Clay","D","MO","H",0.248026862740517,-0.403,-0.21
"Carolyn Maloney","Carolyn Maloney","D","NY","H",0.247856691479683,-0.306,-0.342
"Alcee Hastings","Alcee Hastings","D","FL","H",0.243325740098953,-0.45,0.035
"William Jefferson","William Jefferson","D","LA","H",0.242418125271797,-0.341,0.093
"Xavier Becerra","Xavier Becerra","D","CA","H",0.219036892056465,-0.415,-0.326
"Al Wynn","Al Wynn","D","MD","H",0.210975661873817,-0.308,-0.088
"Luis Gutierrez","Luis Gutierrez","D","IL","H",0.207989305257797,-0.394,-0.258
"Maxine Waters","Maxine Waters","D","CA","H",0.202045470476151,-0.524,-0.248
"Jim McDermott","Jim McDermott","D","WA","H",0.195817798376083,-0.524,-0.263
"Michael Capuano","Michael Capuano","D","MA","H",0.195482641458511,-0.443,-0.021
"Carolyn Kilpatrick","Carolyn Kilpatrick","D","MI","H",0.192739769816399,-0.394,-0.307
"Nydia Velazquez","Nydia Velazquez","D","NY","H",0.187183126807213,-0.441,-0.363
"Stephanie Jones","Stephanie Jones","D","OH","H",0.180692166090012,-0.412,-0.151
"Donald Payne","Donald Payne","D","NJ","H",0.179383173584938,-0.484,-0.483
"John Conyers","John Conyers","D","MI","H",0.174283400177956,-0.606,-0.491
"Bobby Rush","Bobby Rush","D","IL","H",0.168784782290459,-0.38,-0.321
"Kendrick Meek","Kendrick Meek","D","FL","H",0.166359394788742,-0.28,-0.038
"Danny Davis","Danny Davis","D","IL","H",0.165647998452187,-0.399,-0.42
"Diane Watson","Diane Watson","D","CA","H",0.161215290427208,-0.425,-0.391
"Jesse Jackson","Jesse Jackson","D","IL","H",0.159680798649788,-0.44,-0.555
"Gregory Meeks","Gregory Meeks","D","NY","H",0.150434494018555,-0.347,-0.288
"Nancy Pelosi","Nancy Pelosi","D","CA","H",0.142525315284729,-0.415,-0.361
"Edolphus Towns","Edolphus Towns","D","NY","H",0.131941378116608,-0.438,-0.192
"Major Owens","Major Owens","D","NY","H",0.131632685661316,-0.49,-0.461
"Barbara Lee","Barbara Lee","D","CA","H",0.127626940608025,-0.555,-0.602
"Chaka Fattah","Chaka Fattah","D","PA","H",0.124384425580502,-0.384,-0.233
"Jose Serrano","Jose Serrano","D","NY","H",0.10192234814167,-0.413,-0.414
"Charles Rangel","Charles Rangel","D","NY","H",0.0935841500759125,-0.468,-0.329
