ID,TOTALSCORE,_1,_2,_3,_4,_5,_6,_7,_8,_9,_10,_11,_12,_13,_14,_15,_16,_17,_18,_19,_20,_21,_22,_23,_24,_25,_27,_28,_29,_30,_31,_32,_33,_34,_35,_36,_37,_38,_39,_40
1,62.5,0,1,0,0,1,1,1,1,0,1,1,0,1,0,0,1,1,1,0,0,1,1,0,1,0,0,1,1,1,1,1,1,0,1,1,0,1,1,1
2,50.0,1,0,0,1,0,1,0,1,1,0,1,1,0,1,1,0,1,0,1,1,1,0,0,1,0,0,1,1,1,1,0,0,0,0,0,0,1,0,1
3,65.0,1,0,1,1,1,1,1,1,0,0,1,0,1,0,1,1,0,1,0,1,1,1,1,1,0,1,1,0,1,1,1,0,0,1,1,0,1,1,0
4,45.0,1,0,0,0,1,0,0,0,1,1,0,0,0,1,0,0,0,1,0,0,1,0,1,1,1,0,1,1,1,1,1,0,0,1,1,0,1,0,0
5,57.5,1,1,0,1,0,1,1,1,0,1,1,0,0,1,0,0,0,0,1,1,1,1,0,1,0,0,1,1,1,1,0,0,1,0,1,0,1,1,1
6,35.0,1,0,0,0,0,0,1,0,0,0,1,0,0,1,1,0,1,1,0,0,0,0,0,1,0,1,0,1,1,1,1,0,0,0,1,0,0,0,0
7,75.0,1,0,1,0,1,1,1,1,1,1,1,0,1,1,1,1,1,1,1,1,1,1,1,1,0,1,1,1,1,1,0,0,0,1,1,0,1,1,0
8,62.5,1,1,1,0,0,0,1,1,0,0,1,1,1,1,1,0,1,1,0,0,1,1,0,0,1,1,1,1,1,1,0,1,1,1,1,0,1,0,0
9,72.5,1,0,1,0,1,0,1,1,0,1,1,0,1,0,0,1,1,1,1,1,1,1,0,1,1,1,1,1,1,1,1,1,1,1,1,0,1,1,0
10,80.0,1,0,0,1,1,1,1,1,1,1,1,1,1,0,1,1,0,1,1,1,1,1,1,0,1,0,1,1,1,1,1,1,1,1,1,1,1,1,0
11,57.5,1,0,1,0,0,0,0,1,0,1,1,0,0,0,1,1,1,1,0,1,1,1,0,1,1,1,1,1,1,1,1,0,0,1,0,0,1,1,0
12,57.5,1,0,0,1,1,0,1,1,0,1,1,0,0,0,0,1,0,1,1,1,1,1,1,1,0,0,1,1,1,1,0,0,1,1,1,0,1,0,0
13,60.0,1,0,1,1,0,1,1,1,0,0,1,0,0,1,0,0,0,0,0,1,1,1,1,1,0,1,1,1,1,1,1,0,0,1,1,1,0,1,1
14,62.5,0,0,0,1,0,1,1,0,0,1,1,1,1,1,1,1,0,1,1,1,1,1,0,0,0,1,1,1,0,1,1,0,1,1,1,1,1,0,0
15,60.0,1,0,1,0,1,1,1,0,1,1,1,0,1,0,1,0,1,1,1,0,1,1,0,1,0,1,1,0,1,0,1,0,0,1,1,0,1,1,0
16,52.5,1,0,1,0,0,1,1,1,1,1,1,0,1,0,1,0,1,1,0,0,1,1,0,1,0,0,0,0,1,1,0,0,0,1,1,0,0,1,1
17,72.5,1,0,1,1,1,1,1,1,0,1,1,1,0,1,1,0,1,1,1,1,1,1,1,0,0,1,0,1,1,1,1,1,1,1,1,0,1,0,0
18,37.5,1,0,0,0,0,1,1,1,0,1,1,0,0,0,1,0,0,0,0,0,1,1,0,0,0,0,1,1,1,1,0,0,0,1,1,0,0,0,0
19,57.5,1,1,1,0,0,0,1,1,1,1,1,0,1,0,0,1,1,1,0,0,0,1,1,1,0,0,1,1,1,0,1,1,0,1,1,0,1,0,0
20,40.0,0,0,1,0,1,1,1,0,0,1,0,0,1,0,1,0,0,0,0,0,1,1,0,1,0,0,0,1,1,0,1,1,1,0,0,0,1,0,0
21,47.5,1,0,0,0,1,1,0,1,0,0,1,1,0,0,0,1,0,1,0,0,1,1,0,1,0,1,1,1,0,0,1,1,0,1,0,0,1,1,0
22,37.5,1,0,0,1,0,0,0,0,0,0,1,1,1,0,1,0,0,0,1,1,0,1,0,1,0,0,0,1,0,0,0,0,1,1,0,1,1,0,0
23,75.0,1,0,0,1,0,1,1,1,0,1,1,1,1,1,1,1,1,1,0,1,1,1,1,1,1,1,1,1,1,1,1,0,0,1,0,1,1,1,0
24,70.0,1,0,1,0,1,1,1,1,0,1,1,1,0,1,0,1,1,1,0,0,1,1,1,1,0,1,1,1,1,1,1,0,0,1,1,1,1,0,1
25,60.0,1,0,1,1,1,0,1,0,0,1,1,0,1,1,1,0,1,1,1,0,1,1,0,1,0,0,1,1,1,1,0,0,0,1,1,0,1,1,0
26,57.5,1,1,1,0,1,0,1,1,0,1,1,0,1,1,1,0,1,1,1,1,1,0,0,0,0,1,1,0,1,0,0,0,0,1,1,0,1,0,1
27,55.0,1,0,1,1,1,1,0,1,0,1,0,1,0,0,1,0,1,0,1,1,0,1,0,1,0,1,1,1,0,1,0,1,0,0,0,1,1,1,0
28,65.0,1,1,1,0,1,1,0,1,1,1,0,1,1,0,0,1,0,1,0,0,1,1,1,1,0,1,1,1,1,1,1,0,1,0,0,0,1,1,1
29,62.5,1,0,1,0,1,0,1,0,1,1,1,0,0,0,1,0,0,1,1,0,1,1,0,1,1,0,1,1,1,1,1,1,1,1,1,0,0,1,1
30,72.5,1,0,1,0,1,1,1,1,1,0,1,1,0,1,0,0,1,1,1,1,1,1,1,1,0,1,1,1,1,1,1,0,0,1,1,0,1,1,1
31,60.0,1,1,0,0,0,0,1,1,0,1,1,0,1,1,0,0,1,1,1,1,1,1,0,1,0,1,0,1,1,1,0,1,1,1,0,1,1,0,0
32,32.5,0,0,0,0,0,1,0,1,0,1,1,0,0,0,0,0,1,0,0,0,1,1,0,0,0,0,0,1,1,0,1,0,0,0,0,0,1,1,1
33,75.0,1,1,1,1,1,1,1,1,0,1,1,1,1,0,0,1,1,1,0,1,1,1,0,1,0,1,1,1,1,1,1,1,0,1,0,1,1,1,0
34,72.5,1,0,1,0,0,1,1,1,0,1,1,1,0,1,1,1,1,1,0,1,1,1,1,1,0,1,1,1,1,1,1,1,1,1,0,0,1,1,0
35,65.0,1,1,1,0,1,1,1,1,0,0,1,1,0,0,0,0,0,1,1,0,0,1,1,1,1,1,1,0,1,1,1,1,0,1,1,0,1,1,1
36,60.0,1,1,1,1,0,0,1,1,1,1,1,0,0,0,0,0,0,1,1,0,1,0,0,1,0,1,1,1,1,1,1,0,1,1,1,0,1,1,0
37,87.5,1,1,1,1,1,1,1,1,0,1,1,1,1,1,1,1,1,1,1,0,1,1,1,1,1,1,1,1,1,1,1,1,1,0,1,1,0,1,1
38,82.5,1,0,1,1,1,0,1,1,1,1,1,0,1,1,0,1,1,1,1,1,1,1,1,1,1,1,1,1,1,1,1,0,0,1,1,1,1,1,1
39,47.5,1,1,0,1,0,1,1,1,0,0,1,0,1,0,1,1,0,0,0,0,1,1,0,0,1,0,1,0,1,1,0,0,0,1,1,0,0,1,0
40,55.0,1,0,1,0,0,1,1,1,1,1,1,0,0,0,1,1,0,1,0,1,1,1,1,1,0,0,1,1,1,0,0,0,0,1,1,0,1,0,0
41,67.5,1,0,1,0,0,1,1,1,1,1,1,1,0,1,0,1,1,1,1,0,1,1,0,1,1,1,1,1,1,1,0,0,0,1,1,0,1,1,0
42,62.5,1,1,0,1,0,1,1,1,0,1,1,0,1,0,0,1,1,1,0,1,1,0,0,1,1,0,1,1,1,1,1,1,0,0,1,0,0,1,1
43,67.5,1,1,0,1,1,1,1,0,0,0,1,0,1,1,1,0,0,1,1,1,1,1,0,1,1,1,1,1,1,1,1,0,0,1,1,0,1,1,0
44,62.5,1,0,0,0,0,1,0,1,1,1,1,0,1,0,1,1,0,1,0,1,1,1,1,1,0,1,1,1,1,1,1,1,0,0,1,0,1,1,0
45,90.0,1,1,1,1,1,1,1,1,1,1,1,0,1,1,1,1,1,1,1,0,1,1,1,1,1,1,1,1,1,1,1,1,1,1,1,1,1,1,0
46,55.0,0,0,0,1,1,1,1,0,1,1,0,1,1,1,0,1,0,1,1,0,1,1,1,1,1,0,0,1,1,1,0,0,0,0,0,1,1,0,0
47,55.0,0,1,0,0,1,1,0,1,0,0,1,1,1,0,0,0,0,1,0,0,1,1,0,1,1,0,1,1,1,1,1,1,1,1,1,0,0,1,0
48,77.5,1,0,1,1,1,1,1,1,1,0,1,1,1,1,0,1,0,1,0,1,1,1,1,0,1,1,1,1,1,1,1,1,1,0,1,0,1,1,1
49,55.0,1,0,0,0,0,0,1,0,1,1,1,0,0,0,1,1,1,1,0,0,1,1,1,1,0,0,1,0,1,1,1,0,1,1,1,0,1,1,0
50,92.5,1,1,1,1,1,1,1,1,1,1,1,1,1,1,0,1,1,1,1,1,1,1,1,1,1,1,1,1,1,1,1,1,1,1,0,1,1,1,1
51,62.5,1,0,1,1,1,1,1,0,1,1,0,0,0,1,1,1,1,1,0,1,1,1,0,1,0,0,1,1,1,1,1,0,0,1,1,0,1,0,0
52,82.5,1,1,1,1,1,1,1,1,0,1,1,1,1,1,1,1,0,1,1,1,0,1,1,1,0,1,1,1,1,1,1,1,1,1,1,0,1,1,0
53,57.5,1,0,0,1,0,1,1,1,0,1,0,0,1,1,1,0,0,1,0,1,1,1,0,1,1,1,0,1,1,1,0,0,0,1,1,0,1,0,1
54,65.0,0,1,1,1,1,1,1,1,0,0,1,0,0,0,1,1,1,1,1,0,0,0,0,1,1,0,1,1,1,1,0,1,1,1,1,0,1,1,1
55,65.0,1,1,1,1,0,1,1,1,0,0,1,1,1,0,1,0,0,1,1,1,1,1,0,1,0,1,1,1,1,1,0,0,0,1,1,0,1,1,0
56,35.0,1,0,0,1,0,0,0,0,1,0,0,0,1,0,1,0,0,0,0,1,1,0,1,0,0,0,1,1,1,0,0,0,1,1,0,0,1,0,0
57,95.0,1,1,1,0,1,1,1,1,1,1,1,1,1,1,1,1,1,1,1,1,1,1,1,1,1,1,1,1,1,1,1,1,1,1,1,1,1,1,1
58,72.5,1,1,1,0,1,0,1,1,0,0,0,0,1,1,1,0,1,1,1,1,1,1,1,1,0,1,1,1,1,1,1,1,1,1,1,0,0,1,1
59,55.0,1,1,1,0,0,1,1,1,0,1,1,1,1,0,0,0,0,0,0,1,1,1,0,1,0,0,1,1,1,1,1,0,0,1,0,1,1,0,0
60,72.5,1,1,0,1,0,1,0,1,0,1,1,1,1,0,1,1,0,1,1,1,1,1,1,1,1,0,1,1,1,1,1,0,1,1,0,0,1,1,1
61,77.5,1,1,1,1,1,1,1,1,0,1,1,1,1,0,0,1,1,1,0,1,1,1,0,1,1,0,1,1,1,1,1,1,1,1,0,0,1,1,1
62,90.0,1,1,1,1,1,1,1,1,1,1,1,1,1,1,1,1,1,1,0,1,1,1,1,1,1,0,1,1,1,1,1,1,1,1,1,0,1,1,1
63,82.5,1,1,0,1,1,1,0,0,1,1,1,1,1,1,1,1,1,1,1,1,1,1,1,1,0,0,1,1,1,1,1,1,1,1,1,1,1,1,0
64,67.5,1,0,0,0,1,1,1,1,1,1,1,0,0,1,1,1,1,0,1,0,1,1,0,1,0,1,1,1,1,0,1,1,1,1,1,0,1,1,0
65,52.5,1,1,0,0,1,0,1,0,1,0,1,0,0,1,1,0,1,1,0,0,1,1,1,0,1,0,1,0,1,1,0,0,1,1,0,1,1,0,0
66,77.5,1,0,1,1,1,1,1,1,0,1,1,1,1,0,0,1,1,1,0,0,1,1,0,1,1,1,1,1,1,1,1,0,1,1,1,1,1,1,1
67,45.0,1,0,0,0,1,0,1,1,0,0,0,0,1,0,1,0,1,0,0,1,1,1,1,1,0,0,0,1,1,1,0,1,0,0,1,0,0,1,0
68,60.0,1,1,0,1,1,0,1,0,1,0,1,1,0,1,0,1,0,0,1,1,1,1,0,1,0,1,1,1,1,1,0,1,0,1,0,0,1,1,0
69,67.5,1,0,1,0,0,1,1,1,0,1,1,0,1,1,0,1,1,1,0,0,1,1,0,1,0,1,1,1,1,1,1,1,1,0,1,1,1,1,0
70,50.0,1,1,1,0,1,0,1,1,0,1,1,0,0,0,0,0,1,1,1,0,1,0,0,1,0,0,1,1,1,1,1,0,1,1,0,0,0,0,0
71,75.0,1,0,1,0,1,1,1,1,1,1,1,1,0,1,0,1,1,1,0,1,1,1,0,1,1,1,1,1,1,1,1,1,0,1,0,0,1,1,1
72,50.0,1,0,1,0,1,1,0,1,1,1,1,1,1,0,1,0,1,1,0,0,1,1,1,0,0,0,0,1,0,1,0,0,0,1,0,1,0,0,0
73,35.0,1,0,0,0,1,0,0,1,0,1,1,0,1,1,0,0,1,0,0,1,1,0,0,1,0,0,0,0,1,0,1,0,0,1,0,0,0,0,0
74,65.0,0,1,1,1,1,0,1,1,0,1,0,0,1,0,1,1,0,1,1,0,1,1,0,1,0,1,0,1,1,1,1,1,1,1,1,0,1,1,0
75,47.5,0,0,0,1,0,1,1,0,0,1,1,1,1,1,1,1,0,0,0,0,1,0,1,1,0,0,1,1,1,1,0,0,0,1,0,0,0,1,0
76,70.0,1,0,1,0,1,1,1,1,0,1,1,0,1,1,1,1,1,1,0,0,1,1,0,1,1,1,1,0,1,1,1,1,1,0,1,1,1,0,0
77,52.5,1,0,1,1,0,1,1,1,0,1,0,1,0,0,1,0,0,1,0,0,1,0,1,1,0,1,1,1,1,1,0,0,0,1,1,0,1,0,0
78,45.0,1,0,0,0,0,1,1,1,0,0,1,0,0,0,0,1,0,0,0,0,1,1,0,1,1,0,1,1,1,1,0,1,0,1,0,0,1,1,0
79,72.5,1,1,0,1,1,1,1,1,1,0,1,0,1,1,1,1,1,1,1,0,0,1,0,1,1,1,1,1,1,1,1,0,0,1,0,0,1,1,1
80,57.5,1,0,0,0,0,0,1,1,1,1,1,0,1,1,1,0,0,0,0,1,1,1,0,1,0,1,1,0,1,1,0,1,1,0,1,1,1,0,1
81,67.5,1,0,1,0,1,1,1,1,0,1,1,1,0,0,0,1,1,1,1,0,1,1,1,1,0,0,1,0,1,1,1,0,1,1,1,0,1,1,1
82,80.0,1,0,1,1,0,1,1,1,0,1,1,1,1,1,1,1,1,1,1,1,1,1,0,1,1,1,1,1,1,1,1,1,1,1,1,0,1,0,0
83,52.5,1,1,1,0,1,1,0,0,0,1,1,1,1,0,0,0,0,0,1,0,1,1,0,1,0,0,0,1,1,0,1,0,0,1,1,0,1,1,1
84,50.0,1,0,0,0,1,1,0,1,0,0,1,1,0,1,0,0,1,0,1,0,1,0,1,1,0,0,1,0,1,1,1,0,0,1,0,0,1,1,1
85,80.0,1,1,1,0,1,1,1,1,1,1,1,1,1,0,1,1,1,1,0,0,1,1,1,1,1,0,1,0,1,1,1,1,1,1,1,0,1,1,1
86,52.5,1,0,0,0,0,0,0,1,0,1,1,0,0,0,1,0,1,1,1,1,1,1,0,1,0,0,1,1,1,1,1,0,1,0,1,1,1,0,0
87,77.5,1,0,1,1,1,0,1,0,1,1,1,1,1,1,1,1,1,1,1,1,1,1,1,1,1,1,1,1,1,1,0,1,1,1,0,0,1,0,0
88,72.5,1,0,1,1,1,1,1,1,0,1,1,0,0,1,1,1,1,1,1,0,0,1,1,1,0,1,1,1,1,1,1,1,1,1,0,0,1,1,0
89,67.5,1,1,1,0,0,1,0,1,1,0,1,1,1,1,0,1,1,1,1,0,1,1,1,1,0,1,1,1,1,1,1,0,1,1,0,0,1,0,0
90,80.0,1,1,1,1,0,1,1,1,0,1,1,1,1,0,0,1,1,1,0,1,1,1,0,1,1,1,1,1,1,1,1,1,1,1,1,0,1,1,1
91,75.0,1,0,1,1,0,1,1,1,1,1,0,1,1,1,1,1,1,1,0,0,1,1,1,1,1,1,1,1,1,1,0,1,0,1,0,1,1,1,0
92,67.5,1,0,1,0,1,1,1,1,0,1,1,0,1,0,0,1,1,1,1,0,1,1,0,1,1,1,1,1,1,1,1,0,0,1,1,0,1,1,0
93,82.5,1,0,1,1,1,1,1,1,1,1,1,1,1,0,0,1,0,1,1,0,1,1,1,1,1,1,1,1,1,1,1,1,1,1,1,1,1,1,0
94,60.0,1,0,1,0,1,1,0,1,1,1,1,0,1,1,1,0,0,1,0,0,1,0,0,1,1,0,0,1,1,1,1,0,0,1,1,0,1,1,1
95,62.5,0,0,1,1,1,0,1,0,0,1,1,1,0,0,1,1,1,1,0,0,1,1,1,1,1,0,1,1,0,1,1,0,0,1,1,1,0,1,1
96,67.5,1,1,1,0,0,1,0,1,1,1,1,1,0,1,1,1,1,1,1,1,1,1,0,1,0,0,1,1,1,1,0,0,0,1,1,0,1,1,0
97,47.5,0,1,1,0,1,1,1,0,0,1,1,0,1,1,1,0,0,1,0,0,1,0,0,1,1,0,0,1,1,1,0,0,0,0,1,0,1,0,0
98,72.5,1,1,1,0,1,1,1,1,0,1,0,0,1,1,0,1,1,1,0,0,1,1,1,1,0,0,1,1,1,1,1,1,1,1,1,1,1,1,0
99,60.0,1,1,1,1,1,0,1,1,0,1,1,1,0,0,0,1,1,0,1,1,1,1,0,1,0,1,1,0,1,1,0,0,0,1,1,0,1,0,0
100,55.0,1,0,1,0,1,0,1,1,1,1,1,0,1,0,0,1,0,0,1,0,1,1,0,1,1,1,1,1,1,0,1,0,0,0,1,0,0,1,0
101,87.5,1,1,1,1,1,1,1,1,1,1,1,1,0,1,0,1,1,1,1,1,1,1,1,1,1,1,1,1,1,1,1,1,1,0,1,0,1,1,1
102,67.5,1,1,1,1,1,1,1,1,1,1,1,0,0,0,1,0,1,1,1,1,1,1,1,1,0,0,1,0,1,1,1,0,0,1,0,0,1,1,0
103,47.5,1,0,0,0,0,0,1,1,0,1,1,0,1,1,1,1,0,1,0,1,0,1,1,0,0,0,0,1,1,1,1,0,0,1,1,0,0,0,0
104,60.0,1,1,0,1,0,0,0,1,0,1,1,1,0,1,0,1,0,1,0,1,1,0,1,1,1,1,1,1,1,1,1,0,0,1,0,0,1,1,0
105,70.0,1,0,0,0,1,1,1,1,0,1,1,1,1,1,0,1,0,1,1,0,1,1,1,0,1,0,1,1,1,1,1,1,1,1,1,0,1,1,0
106,35.0,1,0,0,0,1,0,1,0,0,0,1,0,0,0,1,0,0,0,0,1,1,0,0,1,0,0,0,1,1,1,1,0,0,0,0,0,1,0,1
107,47.5,1,1,1,1,1,0,1,1,1,1,0,0,1,0,1,0,0,0,0,0,1,0,0,1,0,0,1,0,1,1,1,0,0,1,0,0,1,0,0
108,52.5,1,0,1,1,0,1,1,0,0,1,1,0,0,0,1,1,0,1,0,0,1,0,0,1,1,0,0,1,1,1,0,1,1,1,0,0,1,1,0
109,77.5,0,0,1,1,1,1,1,1,0,1,1,0,1,1,1,1,0,1,1,0,1,1,1,1,1,1,1,1,1,1,0,1,1,1,1,0,1,1,1
110,50.0,1,1,0,0,1,0,1,0,0,1,1,0,0,0,1,0,1,1,0,0,1,1,0,1,1,0,0,1,1,1,0,1,0,1,1,0,1,0,0
111,60.0,1,0,0,0,1,1,1,0,0,1,1,0,0,1,1,1,0,1,0,1,1,1,0,0,0,0,1,1,1,1,1,0,1,1,0,1,1,1,1
112,52.5,0,1,0,1,0,0,1,1,0,1,1,0,1,1,0,0,1,0,1,0,1,0,0,1,1,0,0,1,1,1,0,1,1,1,1,0,1,0,0
113,87.5,1,1,1,1,1,1,1,1,0,1,1,1,1,1,1,1,1,1,1,0,1,1,1,1,1,1,1,1,1,1,1,1,1,1,0,1,1,1,0
114,85.0,1,1,1,1,1,1,1,0,1,1,1,1,1,0,1,1,1,1,1,1,1,1,1,1,1,1,1,1,1,1,1,0,0,1,1,0,1,1,1
115,50.0,1,0,0,1,1,1,1,0,1,1,1,0,1,1,0,0,0,0,0,0,1,1,0,0,0,1,1,0,0,1,1,0,1,0,0,1,1,0,1
116,77.5,1,1,1,1,1,1,1,1,1,0,1,1,0,1,1,1,1,1,1,1,1,1,0,0,0,0,1,1,1,1,1,1,1,1,1,0,1,1,0
117,57.5,0,0,1,0,0,0,1,1,0,1,1,1,0,1,1,1,0,1,0,0,1,1,0,1,1,1,1,1,1,1,1,0,1,0,1,0,1,0,0
118,82.5,1,0,1,1,1,1,1,1,1,1,1,0,1,1,1,1,1,1,0,1,1,1,1,1,1,1,1,1,1,1,1,0,0,1,1,0,1,1,1
119,65.0,1,0,1,0,1,0,1,1,0,0,1,1,0,1,1,1,1,0,0,1,1,0,0,1,1,0,1,1,1,1,1,1,1,1,1,0,1,1,0
120,50.0,1,1,1,0,0,0,1,1,1,0,1,0,0,0,0,0,0,1,0,0,1,0,0,1,0,1,1,1,1,1,1,0,0,1,1,0,0,1,1
121,67.5,1,1,0,1,1,1,1,0,0,0,1,1,1,0,0,1,1,1,0,1,1,1,0,1,1,1,1,0,1,1,1,1,0,1,1,0,1,1,0
122,67.5,1,0,1,0,1,1,1,1,0,0,1,0,0,0,0,1,1,1,1,1,1,1,1,1,1,1,1,1,1,1,1,0,0,1,1,0,1,1,0
123,57.5,1,0,1,1,1,1,1,1,0,0,1,1,1,0,1,0,0,1,0,0,0,1,1,1,0,0,1,1,1,1,1,0,0,1,0,0,1,1,0
124,42.5,1,0,0,1,0,1,0,0,0,0,1,0,0,0,1,1,1,0,0,0,1,0,0,1,0,1,1,1,1,1,0,1,0,0,1,0,0,1,0
125,52.5,1,0,0,0,1,0,1,1,1,0,1,1,1,1,1,0,1,0,0,0,1,0,0,1,0,1,1,0,1,1,0,0,0,1,1,0,1,0,1
126,65.0,1,1,0,0,1,0,1,1,1,1,1,0,1,0,1,1,1,0,0,0,1,1,1,1,0,1,1,1,1,1,1,0,0,0,1,1,1,1,0
127,60.0,1,1,1,0,0,0,1,1,1,1,1,1,0,1,0,0,0,1,1,0,1,1,0,1,1,0,0,1,1,1,1,0,1,0,1,0,1,0,1
128,45.0,0,0,0,1,1,1,1,1,0,1,1,0,0,1,1,0,1,0,0,0,0,0,0,1,1,0,1,0,1,0,0,0,1,1,1,0,0,1,0
129,87.5,1,0,1,1,1,1,1,1,1,1,1,1,1,1,1,1,0,1,1,1,1,1,1,1,0,1,1,1,1,1,1,1,1,1,1,1,1,1,0
130,80.0,1,0,0,1,1,1,1,1,1,0,1,1,1,1,0,1,1,1,0,1,1,1,1,1,1,1,1,1,1,1,1,1,1,1,1,0,1,1,0
131,55.0,1,1,0,0,0,1,0,1,0,0,1,0,1,1,1,0,0,1,1,0,1,0,0,0,1,1,1,1,1,1,1,0,0,1,0,0,1,1,1
132,85.0,1,1,1,1,1,0,1,1,1,1,1,1,1,1,1,1,1,1,1,1,1,1,1,1,1,1,1,1,1,1,0,0,0,1,1,1,1,1,0
133,70.0,1,0,1,0,0,0,1,0,1,1,1,1,1,1,1,0,1,1,1,1,1,1,1,1,1,0,1,1,1,1,1,0,0,1,0,0,1,1,1
134,77.5,1,1,1,1,1,0,1,1,0,1,1,1,0,1,1,1,1,1,1,0,1,0,1,1,1,1,1,1,1,1,1,0,0,1,1,0,1,1,1
135,82.5,1,1,1,1,1,1,1,1,0,1,1,0,1,1,0,1,0,1,0,1,1,1,1,1,1,1,1,1,1,1,1,1,1,1,1,1,1,1,0
136,55.0,1,0,0,0,0,1,1,1,0,1,1,0,1,1,1,0,0,0,1,1,1,0,0,1,1,1,1,0,1,0,1,0,0,0,1,0,1,1,1
137,70.0,1,0,0,1,1,1,1,1,1,1,1,0,1,1,1,1,1,1,1,0,1,1,0,1,1,1,0,1,1,1,1,0,0,0,1,0,1,1,0
138,77.5,1,0,1,0,1,1,1,0,1,1,1,0,1,1,1,1,1,1,1,0,1,1,1,1,0,1,1,1,1,1,1,0,1,1,1,0,1,1,1
139,67.5,1,0,1,0,1,1,0,1,1,1,1,1,1,1,0,1,1,1,0,1,1,1,1,1,0,1,1,0,1,1,1,0,1,0,0,0,1,1,0
140,52.5,1,0,1,0,0,1,0,0,1,1,1,1,0,0,1,0,1,1,0,0,0,0,0,1,0,1,1,0,1,1,0,1,0,1,1,1,1,1,0
141,85.0,1,0,1,1,1,1,0,1,1,1,1,1,1,1,1,1,1,1,1,0,1,1,1,1,0,1,1,1,1,1,1,1,1,0,1,1,1,1,1
142,62.5,0,1,0,0,1,0,1,1,0,1,1,1,0,1,0,0,1,1,1,0,1,0,0,1,1,0,0,1,1,1,1,1,1,1,1,1,1,0,1
143,65.0,0,0,1,0,0,1,1,1,0,1,1,1,1,0,1,0,0,1,1,1,1,0,1,1,1,1,0,1,1,1,1,1,1,1,1,0,1,0,0
144,47.5,1,0,1,0,0,0,1,1,1,0,1,0,0,1,1,0,0,1,0,1,1,1,0,0,0,0,1,1,1,1,0,0,1,0,1,0,0,1,0
145,72.5,1,0,1,1,1,1,1,0,1,1,1,0,1,1,1,1,1,1,0,1,1,1,1,1,0,0,1,0,1,1,1,0,0,1,0,1,1,1,1
146,42.5,1,0,0,0,1,0,0,0,0,1,0,0,0,0,1,0,0,1,0,1,0,1,0,1,0,1,1,0,1,1,0,1,1,1,1,0,1,0,0
147,60.0,1,0,0,1,1,1,1,0,0,1,1,1,1,1,0,1,1,1,0,0,1,1,0,1,0,0,1,1,1,1,1,1,0,0,1,0,0,1,0
148,55.0,0,1,1,1,1,1,0,1,1,1,0,0,1,1,1,0,1,1,0,0,1,0,1,1,0,1,0,0,1,1,1,0,0,1,1,0,0,0,0
149,47.5,1,1,1,0,0,0,1,0,0,0,0,0,1,0,1,0,0,0,1,0,1,1,1,0,0,0,1,1,1,1,1,0,1,1,0,0,1,0,1
150,70.0,1,0,1,0,1,1,1,1,1,1,1,0,1,1,1,1,1,1,1,0,1,1,1,0,0,1,1,1,1,1,0,0,0,1,1,0,1,1,0
151,45.0,0,1,0,0,0,1,1,0,1,1,1,1,0,0,0,0,0,1,0,0,1,1,0,1,0,1,1,1,1,1,0,0,0,0,1,0,1,0,0
152,77.5,1,0,0,1,1,1,1,1,0,1,1,1,1,1,1,1,1,1,1,0,1,1,0,1,1,1,1,0,1,1,1,1,0,1,1,0,1,1,1
153,22.5,0,1,0,0,0,0,0,0,0,1,0,0,0,0,0,0,0,0,0,0,1,0,0,0,0,0,0,0,1,1,0,1,1,0,1,0,0,0,1
154,82.5,1,1,1,1,1,1,1,1,0,1,1,0,0,1,1,1,1,1,1,1,0,1,1,1,1,0,1,1,1,1,1,1,1,1,0,1,1,1,1
155,57.5,1,0,0,0,0,1,1,1,0,0,1,0,1,1,1,1,1,1,0,0,1,1,0,1,0,1,1,1,1,1,0,1,0,1,0,0,1,1,0
156,55.0,0,0,1,1,0,1,1,1,0,1,1,0,1,1,1,0,0,1,0,1,1,0,0,1,0,1,1,1,1,1,1,0,0,1,0,0,0,0,1
157,75.0,1,0,1,1,1,0,1,1,0,0,1,1,1,1,1,1,1,1,1,0,1,1,0,1,1,1,1,1,1,1,0,1,1,1,1,0,1,1,0
158,75.0,1,1,1,1,1,0,1,1,1,0,1,0,1,1,1,1,1,1,1,0,0,1,1,1,1,1,1,1,1,1,1,0,0,1,1,0,1,1,0
159,65.0,1,0,1,1,1,0,1,0,1,1,1,0,0,0,1,1,1,1,1,1,1,0,1,1,0,1,1,1,1,1,1,0,1,1,1,0,0,0,0
160,77.5,1,1,1,1,1,1,1,0,1,1,0,1,1,1,1,1,1,1,0,0,1,1,1,1,1,1,1,1,1,1,0,0,0,1,1,0,1,1,1
161,72.5,1,0,1,1,1,0,1,1,0,1,1,1,0,0,1,1,1,1,1,1,1,1,1,1,1,1,1,1,1,1,0,1,1,1,0,0,1,0,0
162,75.0,1,1,1,0,1,0,1,0,1,1,1,1,1,0,1,1,1,1,1,1,1,1,0,1,1,1,1,1,1,1,1,0,1,1,1,0,1,0,0
163,52.5,1,0,1,0,0,1,1,1,1,1,1,0,0,0,1,1,1,0,0,1,1,0,0,1,0,1,0,1,1,1,0,0,1,1,1,0,0,0,0
164,52.5,1,0,0,0,1,1,1,0,1,1,1,0,0,0,1,1,1,0,0,1,0,0,1,1,1,1,0,0,1,1,1,0,0,0,0,0,1,1,1
165,47.5,0,0,1,0,1,0,1,1,0,1,1,0,0,0,1,0,0,1,0,0,1,0,1,1,0,0,0,1,1,1,1,0,0,1,1,1,0,1,0
166,42.5,1,0,1,1,0,1,0,1,0,1,1,0,0,1,0,0,1,1,0,0,1,0,1,0,1,0,0,1,1,1,0,0,0,1,0,0,0,0,0
167,65.0,1,0,1,0,1,1,1,1,1,1,0,0,0,0,0,1,1,1,0,1,1,1,1,1,1,1,1,1,1,1,1,0,0,1,1,0,1,0,0
168,65.0,1,0,0,0,0,1,1,1,0,0,0,1,1,1,0,1,0,1,1,1,1,1,1,1,0,0,1,1,1,1,1,1,1,1,1,0,1,1,0
169,85.0,0,1,1,1,1,1,1,1,1,1,1,1,1,1,1,1,1,1,1,0,1,1,1,1,1,1,1,1,1,1,1,0,0,1,1,0,1,1,1
170,60.0,1,0,0,1,1,1,1,1,1,1,1,1,0,0,1,0,0,1,1,0,1,1,1,0,0,0,1,1,1,1,0,0,0,1,1,0,1,1,0
171,65.0,1,0,1,0,1,1,1,1,0,1,1,1,1,0,0,1,1,1,0,1,1,1,0,1,1,0,1,1,1,1,1,0,0,1,0,0,1,1,0
172,60.0,0,1,1,0,1,1,0,1,1,1,1,0,1,0,0,1,0,1,0,0,0,1,0,1,1,1,1,1,1,1,0,1,1,1,1,0,1,0,0
173,50.0,1,0,1,0,0,1,0,1,0,0,0,1,1,1,0,1,1,0,0,0,1,1,0,1,0,0,1,0,1,1,1,0,1,1,0,0,1,1,0
174,45.0,1,0,0,0,1,1,1,0,0,0,1,1,0,1,0,0,1,0,0,0,1,0,0,1,1,1,1,1,0,0,1,0,0,1,1,0,1,0,0
175,77.5,1,0,0,1,1,1,1,1,1,1,1,1,1,1,1,0,1,1,1,0,1,1,1,1,0,0,0,1,1,1,1,1,1,1,1,0,1,1,1
176,60.0,1,0,0,0,1,1,1,1,0,1,0,0,0,1,1,1,0,1,1,0,1,1,0,1,0,1,1,1,1,1,0,0,1,1,1,0,1,1,0
177,50.0,0,0,1,1,1,0,1,0,0,1,1,1,0,0,1,0,0,1,1,1,1,1,0,1,1,0,0,1,0,0,0,0,1,1,1,0,1,0,0
178,47.5,1,1,0,0,0,0,1,1,0,1,1,0,1,0,1,1,0,0,0,0,1,0,0,1,0,1,1,1,1,0,0,0,0,1,0,0,1,1,1
179,52.5,1,0,0,0,1,0,0,1,1,1,1,0,1,0,1,0,0,1,0,0,1,1,1,1,0,1,1,1,1,1,1,0,0,0,0,0,1,1,0
180,57.5,1,0,1,0,0,1,1,1,0,1,1,1,1,1,0,1,0,1,0,0,1,0,0,1,1,1,1,0,1,1,0,0,1,1,0,0,1,1,0
181,82.5,1,0,1,1,1,1,1,1,1,1,1,1,1,1,0,1,0,1,1,0,1,1,0,1,1,1,1,1,1,1,1,1,1,1,1,0,1,1,1
182,62.5,1,0,0,0,0,1,1,1,0,1,1,0,1,1,1,1,1,1,1,0,1,1,0,1,0,0,1,1,1,1,1,0,1,1,0,0,1,0,1
183,45.0,1,0,1,0,0,1,1,1,0,1,1,0,0,0,1,0,0,0,0,0,0,1,0,0,1,1,1,1,1,0,0,0,0,1,1,1,0,0,1
184,50.0,1,1,1,0,0,0,0,1,0,1,1,0,1,0,1,0,0,1,0,1,0,0,0,1,0,0,1,1,1,1,1,1,0,1,0,1,1,0,0
185,55.0,1,1,1,0,0,0,1,1,0,1,1,0,0,1,1,0,1,1,0,1,1,0,0,1,1,0,1,1,1,0,0,0,0,1,1,0,1,1,0
186,75.0,1,1,1,1,0,1,1,1,0,1,1,1,1,0,1,1,1,1,1,1,1,1,1,1,1,1,1,1,1,0,0,0,0,1,1,0,1,1,0
187,42.5,1,0,0,1,1,1,0,0,0,1,1,1,0,0,0,0,0,1,0,0,1,0,1,0,0,0,1,1,1,1,0,0,0,1,1,0,1,0,0
188,47.5,1,1,1,0,0,0,1,1,0,1,0,1,0,1,1,1,0,0,0,0,1,1,0,1,0,1,1,1,1,0,1,1,0,0,0,0,0,0,0
189,77.5,1,1,1,1,1,1,1,0,0,1,1,1,0,0,1,1,1,1,1,1,1,1,1,1,1,0,1,0,1,1,1,0,1,1,1,0,1,1,1
190,45.0,1,1,0,0,0,0,0,0,0,1,0,0,1,0,1,0,1,1,0,1,1,0,0,1,1,1,1,0,1,1,1,0,0,1,1,0,0,0,0
191,82.5,1,1,1,1,1,1,1,1,1,1,1,1,1,0,1,1,1,1,0,1,1,1,1,1,0,0,1,1,1,1,1,1,1,1,0,0,1,1,1
192,52.5,1,0,1,1,1,0,1,1,0,1,0,0,0,1,1,0,0,1,0,0,1,0,0,1,1,1,1,0,1,1,0,0,0,0,1,0,1,1,1
193,42.5,0,0,0,1,0,0,1,0,1,1,1,0,1,1,0,0,1,1,0,0,1,1,0,0,1,1,0,0,1,1,0,0,0,1,0,0,1,0,0
194,55.0,1,1,1,0,0,1,1,1,0,0,1,0,0,0,0,0,1,1,0,0,1,0,1,1,0,1,1,1,1,1,1,0,0,1,1,0,0,1,1
195,50.0,1,1,0,0,0,0,1,1,1,1,1,0,0,0,1,0,1,1,0,1,1,0,1,1,0,0,0,1,1,1,0,0,1,0,1,0,1,0,0
196,65.0,1,0,1,0,0,1,1,0,1,1,1,1,1,0,1,0,0,1,1,1,1,1,0,1,1,1,1,1,1,1,1,0,0,1,0,0,1,1,0
197,50.0,1,0,1,0,1,0,0,1,0,1,1,1,0,0,0,0,1,1,0,0,0,1,0,1,0,1,0,1,1,1,1,0,0,1,1,0,1,1,0
198,87.5,1,0,1,1,1,1,1,1,1,1,1,1,1,1,1,1,1,1,1,1,1,1,1,1,1,0,1,1,1,1,1,1,1,1,1,0,1,0,1
199,67.5,1,0,1,1,1,1,0,1,0,0,1,1,0,0,1,1,1,1,0,0,1,1,0,1,0,1,1,1,1,1,1,1,1,1,0,1,0,1,1
200,65.0,1,0,1,1,1,1,1,1,0,1,0,0,0,1,1,0,1,0,1,0,1,1,1,1,1,1,1,1,1,1,0,0,0,1,1,0,1,1,0
201,55.0,1,1,0,0,0,1,1,1,0,1,1,0,1,0,1,0,0,1,0,0,1,1,0,0,1,1,1,0,1,1,0,0,1,1,1,0,1,1,0
202,62.5,0,1,1,1,1,1,1,1,1,1,1,1,0,0,1,1,1,1,0,0,1,1,0,0,0,0,1,0,1,1,1,1,0,1,1,0,0,1,0
203,62.5,1,0,1,1,0,0,1,1,0,1,1,1,1,1,1,1,0,1,1,0,1,0,1,1,0,1,0,1,1,1,1,0,0,1,0,0,0,1,1
204,52.5,1,1,0,0,0,0,0,1,1,0,0,0,1,0,0,1,1,1,1,1,1,1,0,1,0,1,1,1,1,0,0,1,0,0,1,0,1,0,1
205,47.5,1,1,1,0,0,0,1,1,0,0,1,0,1,0,1,0,0,1,0,0,1,1,0,1,0,0,0,1,1,1,1,0,0,1,0,1,0,0,1
206,67.5,1,0,1,1,1,1,1,1,0,1,1,1,1,0,1,0,1,0,1,1,1,1,1,1,0,0,1,0,1,1,1,1,1,1,0,0,1,0,0
207,45.0,0,1,0,0,0,0,0,1,1,0,1,1,0,0,1,0,0,1,1,1,1,1,0,1,0,1,0,1,1,1,0,0,0,0,1,0,1,0,0
208,85.0,1,0,1,1,1,1,1,1,1,0,1,1,1,1,1,1,0,1,1,1,1,1,1,1,0,1,1,1,1,1,1,1,1,0,1,1,1,1,1
209,55.0,1,1,1,1,1,1,0,1,0,0,1,1,0,0,0,1,1,1,0,1,1,1,0,1,0,1,1,0,0,1,0,0,0,0,1,0,1,0,1
210,47.5,1,0,0,0,1,1,1,0,0,1,1,0,1,0,0,0,1,1,0,0,1,1,0,1,0,0,1,1,1,1,0,0,0,1,1,0,1,0,0
211,75.0,1,1,1,1,0,1,1,1,1,1,1,1,0,1,1,0,0,1,0,0,1,1,0,0,1,1,1,1,1,1,1,1,1,0,1,1,1,1,1
212,57.5,1,0,1,0,0,0,1,0,0,1,1,1,0,0,1,1,1,0,1,1,1,1,0,0,0,1,1,1,1,1,0,0,1,1,1,0,1,0,1
213,80.0,1,1,0,1,1,1,1,1,1,1,1,1,1,1,1,1,1,0,0,1,1,1,1,1,0,0,1,1,1,1,0,1,0,1,1,1,1,1,1
214,82.5,1,1,1,1,1,1,1,1,0,1,1,1,1,1,1,0,1,1,1,1,1,1,1,1,0,1,1,1,1,1,1,1,0,1,1,0,1,1,0
215,52.5,1,1,1,0,1,1,1,1,0,0,1,0,0,0,1,1,0,1,0,1,1,1,0,1,0,0,1,1,1,1,1,0,0,0,0,0,0,1,0
216,60.0,1,0,1,1,0,1,1,1,0,1,0,0,1,0,1,0,0,1,1,0,0,1,0,1,1,0,1,1,1,1,1,1,1,1,1,0,1,0,0
217,47.5,0,0,0,1,1,0,1,1,0,1,0,0,1,0,1,0,1,0,0,0,1,1,1,0,1,0,0,1,1,1,0,1,0,1,0,0,1,1,0
218,30.0,0,0,1,1,1,0,0,1,0,0,1,0,0,0,0,1,0,1,0,0,1,1,0,0,0,0,0,0,1,0,0,0,0,0,1,0,0,0,1
219,75.0,0,0,1,1,1,0,1,1,1,1,0,0,1,1,1,1,0,1,1,1,1,1,1,1,1,1,1,1,1,1,1,1,1,1,0,1,0,0,1
220,52.5,1,0,1,1,0,0,1,1,0,1,0,0,1,0,1,0,1,1,0,0,1,1,0,1,0,0,0,1,1,1,1,0,0,1,1,0,1,0,1
221,57.5,1,1,1,0,1,0,1,1,0,1,1,0,1,1,1,0,0,1,1,0,1,1,1,0,1,0,0,0,1,1,1,0,0,1,0,0,1,0,1
222,70.0,0,1,1,1,1,1,1,1,1,0,1,1,1,1,1,0,1,1,1,0,1,0,1,0,0,1,1,1,1,1,1,0,0,1,1,0,1,0,1
223,75.0,1,0,1,0,1,0,1,1,1,0,1,1,0,0,0,1,1,1,1,1,1,1,0,1,1,1,1,1,1,1,1,0,1,1,1,1,1,1,1
224,72.5,1,1,1,1,1,1,1,1,0,1,1,1,1,1,0,1,1,1,1,1,1,1,0,1,1,0,1,1,1,0,1,0,0,1,0,0,1,0,1
225,70.0,1,0,1,1,1,1,1,1,1,1,1,0,1,1,1,1,0,1,0,1,1,1,0,1,0,1,0,1,1,1,1,0,0,1,1,0,1,1,0
226,67.5,1,0,0,1,1,0,1,1,1,1,1,0,1,0,1,1,0,1,1,0,1,0,0,1,0,1,1,1,1,1,1,1,1,1,1,1,1,0,0
227,35.0,0,0,0,1,0,0,1,1,0,0,1,0,0,0,1,0,0,0,1,0,1,0,0,1,0,0,1,1,0,0,1,0,1,1,0,0,0,0,1
228,57.5,1,0,1,1,1,1,0,1,0,1,1,1,1,1,0,1,1,1,0,0,1,1,0,1,0,0,1,0,1,1,1,0,0,0,0,0,0,1,1
229,55.0,1,0,1,0,0,1,1,1,0,1,0,0,0,0,1,1,1,1,0,1,1,1,1,1,1,1,1,1,1,1,0,0,0,0,0,0,0,1,0
230,60.0,1,1,1,0,1,0,1,1,1,1,1,0,1,0,1,0,1,1,0,0,1,1,0,1,0,0,1,1,1,1,1,0,0,0,1,0,1,0,1
231,47.5,1,1,0,0,0,1,0,0,1,1,1,1,0,0,1,0,0,1,0,0,1,1,1,1,1,0,1,1,0,0,0,1,0,1,0,0,1,0,0
232,40.0,1,1,0,0,1,0,0,1,0,0,0,0,0,0,1,0,0,1,0,1,1,0,0,1,0,0,1,0,1,1,0,0,1,1,0,0,1,1,0
233,57.5,1,0,0,1,1,1,1,1,0,0,1,0,0,0,0,1,1,1,0,1,1,1,1,1,0,1,1,1,1,1,0,0,0,0,1,0,1,1,0
234,62.5,1,0,0,1,1,1,1,1,0,1,1,1,1,0,1,1,0,1,1,0,1,1,1,1,1,1,0,1,1,1,0,0,0,1,0,0,1,0,0
235,65.0,1,0,0,0,1,1,1,1,1,1,1,1,0,0,1,1,1,1,1,0,0,1,1,0,0,1,1,1,1,1,0,1,1,1,0,0,1,0,1
236,77.5,1,1,1,0,1,1,1,1,1,1,1,0,0,1,0,1,1,1,0,1,1,1,1,1,1,1,1,1,1,1,1,1,1,0,1,0,1,1,0
237,52.5,1,1,0,0,1,1,1,0,1,1,1,0,0,0,1,1,0,0,0,0,1,1,1,1,0,0,1,0,1,1,1,0,0,1,1,0,1,0,0
238,70.0,1,0,1,0,1,1,1,1,0,1,1,0,1,1,1,1,0,1,0,1,1,1,0,1,1,1,1,1,1,1,1,1,1,0,0,0,1,1,0
239,55.0,1,0,0,1,0,1,0,1,1,1,1,1,0,0,1,0,1,1,0,0,1,0,1,0,1,0,1,1,1,1,0,0,0,1,0,0,1,1,1
240,67.5,1,0,1,1,0,1,1,1,1,1,1,1,1,0,1,0,0,1,1,0,1,1,1,1,1,1,1,1,1,1,1,0,0,1,0,1,0,0,0
241,57.5,1,0,1,0,1,1,1,1,0,1,1,1,1,0,1,0,0,0,1,1,1,1,0,1,0,0,1,1,1,1,1,0,0,0,0,1,1,0,0
242,50.0,1,0,0,1,0,0,1,0,1,1,1,0,0,1,1,0,0,0,0,1,1,1,0,1,0,1,1,0,1,1,1,0,0,1,0,0,1,1,0
243,70.0,1,1,0,1,0,0,1,1,0,1,1,1,0,0,1,1,1,1,1,0,1,1,0,1,1,1,1,1,1,1,1,0,1,1,1,0,1,0,1
244,45.0,1,0,1,0,1,1,1,0,0,1,1,0,0,0,0,1,0,1,0,0,0,1,1,0,0,0,1,0,1,1,1,0,0,1,1,0,0,1,0
245,35.0,0,0,0,0,0,0,1,0,0,1,1,0,1,0,1,0,1,1,0,0,1,0,1,0,0,0,0,0,1,1,1,0,0,1,0,0,1,0,0
246,47.5,1,0,0,1,0,0,1,1,0,0,1,0,0,0,1,0,1,1,1,1,0,0,0,1,0,0,1,1,1,1,0,0,1,1,0,0,1,1,0
247,60.0,1,1,0,0,1,1,1,1,1,1,1,1,0,0,1,1,0,1,0,1,0,1,0,1,1,0,1,0,1,1,0,0,1,1,0,0,1,1,0
248,52.5,1,1,0,0,0,0,0,0,0,1,1,0,0,1,1,0,1,1,1,1,0,1,1,1,0,0,0,1,1,1,0,0,1,1,1,0,1,1,0
249,55.0,1,0,1,0,0,1,1,0,0,1,1,0,0,0,1,0,1,1,1,1,1,0,0,1,0,1,1,1,1,0,1,0,1,1,0,0,1,1,0
250,57.5,1,0,1,1,0,0,1,1,0,0,0,0,1,1,1,1,0,1,1,0,1,0,0,1,1,0,1,1,1,1,1,0,0,1,1,0,1,1,0
251,40.0,1,1,0,0,1,1,0,0,1,1,1,0,1,1,0,0,0,1,0,0,0,1,0,1,0,1,1,0,1,0,0,0,0,0,0,0,1,0,0
252,77.5,1,1,1,0,1,1,1,1,0,1,1,0,1,1,1,0,0,1,1,1,1,1,0,1,1,1,1,1,1,1,1,0,1,1,1,0,1,1,1
253,40.0,0,0,0,0,0,1,0,0,1,0,0,0,0,0,1,0,1,1,0,0,1,0,1,0,1,1,0,1,1,1,0,1,1,1,1,0,0,0,0
254,67.5,1,0,1,1,1,0,1,1,0,1,1,0,1,1,1,0,1,1,1,1,1,0,0,1,1,0,1,1,1,1,1,0,0,1,1,0,1,1,0
255,47.5,1,1,0,1,0,0,1,1,1,1,1,0,1,0,1,1,1,1,0,1,0,0,0,1,0,0,0,1,1,0,0,0,0,1,0,0,0,0,1
256,67.5,1,0,1,0,1,1,1,1,0,0,1,1,1,1,0,1,0,1,0,0,1,1,1,1,1,1,1,1,1,1,1,0,0,1,1,0,1,1,0
257,40.0,1,0,0,0,1,0,0,0,1,0,0,0,0,1,1,0,1,1,0,0,1,0,1,0,0,0,1,0,1,0,0,1,0,1,1,0,1,1,0
258,67.5,1,0,0,1,1,1,1,0,1,1,1,1,0,0,1,0,1,1,0,0,1,1,1,1,1,0,1,1,1,1,0,1,1,1,1,0,0,1,1
259,50.0,1,0,0,0,0,1,0,1,0,1,1,0,1,0,0,1,1,1,1,1,1,0,0,1,0,1,1,1,1,1,1,0,0,0,1,0,0,0,0
260,57.5,1,1,0,1,0,0,1,1,0,1,1,0,1,0,1,0,0,1,0,1,1,0,1,1,0,0,1,1,0,1,1,1,1,1,0,0,1,1,0
261,52.5,1,1,0,1,1,1,0,0,0,1,1,0,0,0,1,0,1,1,1,0,1,1,0,1,0,0,1,1,1,1,0,0,0,1,1,0,0,0,1
262,72.5,1,0,1,1,1,0,1,1,0,0,1,1,1,1,1,1,1,1,0,1,1,1,0,1,1,1,1,1,1,1,0,0,0,1,1,0,1,1,1
263,80.0,1,0,1,1,1,1,1,1,0,1,1,1,1,1,1,1,1,1,1,1,1,1,0,1,0,1,1,1,1,1,1,1,1,1,0,0,1,1,0
264,60.0,1,1,0,0,1,0,0,1,0,1,1,1,0,1,1,0,1,1,0,1,1,0,0,1,1,0,1,0,1,1,1,0,1,1,1,0,1,1,0
265,75.0,1,0,0,0,1,1,1,1,0,1,1,1,0,1,1,1,1,1,0,1,1,1,1,1,1,1,1,1,1,1,1,0,0,1,1,1,1,0,1
266,45.0,1,0,1,0,0,0,1,0,1,0,1,1,0,0,1,1,0,0,0,0,1,0,0,1,0,1,1,1,1,1,1,0,0,1,0,0,1,0,0
267,67.5,1,1,1,1,1,1,1,1,0,1,1,1,0,0,1,0,1,0,1,0,1,1,1,1,0,0,1,1,1,1,1,0,0,0,1,0,1,1,1
268,67.5,1,0,0,1,0,1,1,0,0,1,1,1,1,1,1,1,1,1,1,1,1,1,1,1,0,0,1,1,1,1,0,0,0,1,1,0,1,1,0
269,47.5,0,0,0,1,0,0,1,1,0,1,1,0,1,1,0,0,0,1,1,1,1,0,0,1,1,0,0,1,1,1,1,0,0,1,0,0,1,0,0
270,45.0,1,0,0,0,1,0,1,1,0,0,1,0,1,0,0,0,1,1,0,0,1,1,0,1,0,1,1,0,1,1,0,0,0,0,1,0,1,1,0
271,65.0,1,1,1,0,0,1,1,0,0,1,1,1,1,0,1,1,1,1,0,1,1,1,0,1,0,1,1,1,1,1,0,0,1,1,1,0,1,0,0
272,80.0,1,0,1,1,1,0,1,1,0,1,1,1,1,1,0,1,1,1,1,0,1,1,0,1,1,1,1,1,1,1,1,1,1,1,1,0,1,1,1
273,75.0,0,0,1,1,0,1,1,1,0,1,0,0,1,1,1,1,1,1,1,1,1,1,0,1,1,1,0,1,1,1,1,1,1,1,1,0,1,1,1
274,87.5,1,1,1,0,1,1,1,1,0,1,1,1,1,1,1,1,1,1,1,1,1,1,1,1,1,1,1,1,1,1,0,1,1,1,1,0,1,1,1
275,62.5,1,1,0,1,1,1,1,1,0,1,1,1,0,0,1,0,1,1,0,0,1,1,1,1,1,0,1,1,1,1,1,0,1,0,0,0,0,1,0
276,77.5,1,1,1,0,1,1,1,1,1,1,1,0,1,1,0,1,1,1,1,0,0,1,0,1,1,1,1,1,1,1,1,1,1,1,0,0,1,1,1
277,70.0,1,0,1,1,1,0,1,0,0,1,1,1,1,0,1,0,1,1,0,1,1,1,1,1,0,1,1,1,1,1,1,0,1,1,1,0,1,0,1
278,80.0,1,1,1,1,1,1,1,1,1,0,1,1,1,1,1,1,1,1,0,0,1,1,1,1,0,1,1,1,1,1,1,0,0,1,1,0,1,1,1
279,55.0,0,0,1,0,1,1,1,1,0,1,1,0,0,1,1,0,0,0,1,0,1,1,1,1,0,0,1,1,1,1,0,0,0,1,1,0,1,0,1
280,50.0,1,0,0,0,1,0,1,1,0,0,1,1,1,1,0,1,0,1,1,0,0,0,0,1,0,0,1,1,1,1,1,0,0,0,1,0,1,1,0
281,60.0,0,0,1,0,0,0,1,0,1,0,1,1,1,1,1,0,1,1,0,0,1,1,0,1,1,1,1,1,1,1,0,1,1,1,1,0,1,0,0
282,75.0,1,1,0,1,1,0,1,1,0,1,1,0,1,1,0,1,1,1,1,1,1,1,0,0,1,1,1,1,1,1,1,1,1,1,1,0,1,1,0
283,57.5,1,0,0,1,1,1,1,1,1,1,1,0,1,0,1,0,1,1,0,0,1,1,0,1,0,1,0,1,1,1,0,0,0,1,1,0,0,1,0
284,70.0,1,0,1,0,1,0,1,1,0,1,1,1,1,1,1,1,1,1,1,1,1,1,0,1,1,1,1,1,0,1,0,0,0,1,1,0,1,1,0
285,57.5,1,0,0,1,1,0,1,0,0,1,1,1,1,1,0,1,0,0,1,0,1,1,1,1,0,1,1,1,1,1,1,0,0,0,0,0,1,1,0
286,52.5,1,1,0,1,0,0,1,1,1,1,0,1,1,0,1,0,0,1,1,1,1,0,0,1,0,0,0,1,1,1,0,1,0,1,1,0,0,0,0
287,70.0,1,0,0,1,1,1,1,1,0,1,1,0,1,0,0,1,0,1,1,1,1,1,1,1,1,0,1,1,1,1,1,1,0,1,0,1,1,1,0
288,67.5,0,0,1,0,1,1,1,1,0,1,1,1,1,1,1,1,1,1,0,1,1,0,1,1,1,1,0,1,1,1,1,0,0,1,1,0,1,0,0
289,70.0,1,0,1,0,1,1,1,1,1,1,1,1,1,1,1,0,0,0,0,1,1,1,1,1,0,1,0,1,1,1,0,0,1,1,1,0,1,1,1
290,57.5,1,1,1,0,1,1,1,1,0,1,0,0,1,0,1,1,1,1,0,0,1,0,0,0,0,1,0,1,1,1,1,0,0,1,0,0,1,1,1
291,60.0,1,0,1,0,1,1,1,1,1,1,1,0,1,1,1,1,0,1,0,0,1,0,0,1,0,0,1,1,1,1,0,1,0,1,0,0,1,0,1
292,85.0,1,1,1,1,1,1,1,1,1,1,1,1,1,1,1,1,1,1,0,1,1,1,1,1,0,1,1,1,1,1,1,0,0,1,1,1,1,1,0
293,65.0,1,1,1,0,1,1,0,1,0,0,1,1,1,1,0,1,1,1,1,1,1,1,0,0,1,1,0,1,0,1,1,0,0,1,0,0,1,1,1
294,50.0,1,0,1,0,0,1,1,1,0,0,1,0,1,0,1,0,1,1,0,1,1,0,0,1,0,0,1,1,0,0,1,0,0,1,1,1,1,0,0
295,45.0,1,1,1,0,0,0,0,0,0,1,1,0,0,1,1,0,0,0,1,1,1,1,0,0,0,1,0,1,1,1,0,0,0,1,1,0,1,0,0
296,85.0,1,0,1,1,1,1,1,1,0,1,1,1,1,1,1,1,1,1,1,1,1,1,0,1,1,1,1,1,1,1,1,0,1,1,1,1,1,0,1
297,67.5,1,0,1,1,0,1,1,1,1,1,1,1,1,1,1,1,1,0,1,0,1,1,0,1,0,1,1,1,1,1,0,0,0,1,0,1,1,0,0
298,72.5,1,0,1,1,1,0,1,1,1,1,1,0,1,1,1,0,1,1,1,0,1,1,0,1,1,1,1,1,1,1,0,1,1,1,0,0,1,0,1
299,50.0,1,1,1,0,1,1,0,0,0,0,0,0,1,0,1,0,1,0,0,0,1,1,0,1,0,1,1,1,1,1,0,0,1,1,0,0,1,1,0
300,72.5,1,1,1,1,1,1,1,1,0,1,1,0,1,1,0,1,1,1,1,1,1,1,0,1,0,0,1,1,1,1,1,0,0,0,1,0,1,1,1
301,72.5,1,0,1,0,1,1,1,1,1,1,1,0,1,0,1,1,1,1,0,0,1,1,1,1,0,0,1,1,1,1,1,1,0,1,1,1,1,1,0
302,60.0,1,0,1,0,0,1,1,1,0,0,1,1,1,0,1,1,1,1,0,0,1,1,0,1,1,1,1,0,0,1,0,1,0,1,0,1,1,1,0
303,92.5,1,0,1,0,1,1,1,1,1,1,1,1,1,1,1,1,1,1,1,1,1,1,1,1,1,1,1,1,1,1,1,1,1,1,1,1,1,1,1
304,55.0,1,0,0,0,1,1,1,0,0,1,1,0,1,0,0,1,0,1,1,0,1,0,1,1,1,0,1,1,1,1,1,0,0,1,1,0,1,0,0
305,30.0,1,1,1,0,0,0,0,0,0,1,1,0,0,0,1,0,0,0,0,0,1,0,0,1,0,0,1,1,1,0,0,0,0,0,1,0,0,0,0
306,62.5,0,0,1,1,1,1,1,1,0,1,1,0,1,0,1,1,0,1,0,0,1,1,0,1,1,0,0,1,1,1,1,0,0,1,1,0,1,1,1
307,77.5,1,1,1,0,1,1,1,1,1,1,1,1,1,1,1,1,1,1,1,1,1,1,0,1,0,1,1,1,1,1,0,0,0,1,1,1,0,1,0
308,77.5,1,1,1,1,1,1,1,1,0,1,1,0,1,1,0,1,1,1,1,1,1,1,0,1,0,1,1,1,1,1,1,1,1,1,0,0,1,1,0
309,42.5,1,1,0,0,0,1,1,1,0,1,1,0,0,0,1,0,0,1,0,0,0,1,1,1,0,0,0,1,1,1,0,0,0,0,0,1,1,0,0
310,50.0,1,0,1,1,0,0,0,0,0,1,0,0,0,1,1,0,0,1,0,1,1,1,1,1,1,0,1,1,1,1,1,0,0,1,0,0,1,0,0
311,40.0,1,0,1,1,0,1,0,1,0,0,0,1,1,0,1,0,0,0,0,0,1,1,0,0,0,0,1,0,0,0,1,0,0,1,0,0,1,1,1
312,60.0,1,1,0,1,1,1,0,0,0,1,1,0,0,0,0,0,1,1,1,0,1,1,0,1,1,1,1,1,1,1,1,0,0,1,1,0,1,1,0
313,77.5,1,0,1,1,1,1,1,1,1,1,1,1,1,1,1,1,0,1,0,1,1,1,0,1,1,1,1,1,1,1,0,0,0,1,1,0,1,1,1
314,60.0,1,1,1,1,0,1,1,1,0,1,1,1,0,0,1,0,0,1,0,0,1,1,1,1,0,1,1,1,1,1,0,1,0,1,0,0,0,0,1
315,55.0,1,1,0,0,0,0,0,1,1,0,1,1,0,1,1,1,0,1,1,0,1,1,0,1,0,0,0,1,1,1,1,1,1,0,1,0,1,0,0
316,62.5,1,1,1,1,0,1,0,1,0,1,1,0,1,1,1,0,1,1,1,1,1,1,1,1,0,0,1,1,1,1,0,0,0,1,0,0,1,0,0
317,60.0,1,0,1,1,1,1,1,1,1,0,1,0,1,1,0,0,1,1,0,1,1,0,1,1,0,0,0,0,1,0,1,0,0,1,1,0,1,1,1
318,60.0,1,1,0,0,0,1,1,1,0,1,1,0,0,0,1,1,1,1,0,0,1,1,1,1,1,0,1,1,1,1,1,0,1,0,1,0,1,0,0
319,90.0,1,1,1,1,1,1,0,1,1,1,1,1,1,1,1,1,1,1,0,1,1,1,1,1,1,0,1,1,1,1,1,1,1,1,1,1,1,1,1
320,50.0,0,0,0,0,1,1,1,1,0,0,1,1,0,0,1,0,0,0,1,0,1,0,1,1,1,0,1,0,1,1,1,0,0,1,1,0,1,1,0
321,65.0,1,0,1,0,0,1,1,1,1,1,1,0,1,1,0,1,1,1,0,0,1,1,0,1,0,0,1,1,1,1,1,1,1,1,0,0,1,1,0
322,72.5,1,1,1,1,1,0,1,1,0,1,1,0,1,1,0,1,1,1,0,1,1,1,0,1,0,1,1,1,1,1,1,0,1,1,1,0,1,1,0
323,50.0,1,1,1,0,1,0,0,1,0,0,0,0,0,0,1,0,1,1,1,0,1,1,0,1,0,1,1,0,1,1,0,0,0,1,1,0,0,1,1
324,62.5,1,0,0,1,1,1,1,1,0,1,1,0,1,0,0,1,1,0,0,0,1,0,0,1,0,1,1,1,1,1,1,1,0,1,1,0,1,1,1
325,87.5,1,1,1,1,1,1,1,1,0,1,1,1,1,1,1,1,0,1,1,1,1,1,1,1,0,1,1,1,1,1,1,1,1,1,1,1,1,1,0
326,67.5,1,0,0,1,1,0,0,1,0,1,1,1,1,1,1,0,1,1,0,1,1,1,1,1,0,1,1,1,1,1,1,0,1,1,1,0,1,0,0
327,47.5,1,0,0,0,0,1,1,1,0,1,1,0,0,0,1,0,0,1,1,0,0,1,1,0,0,1,1,1,1,1,1,0,0,0,1,0,1,0,0
328,80.0,1,1,0,0,0,1,1,1,0,1,1,1,1,1,1,1,1,1,1,1,1,1,1,1,1,1,1,0,1,1,1,1,1,1,1,1,0,1,0
329,52.5,1,1,0,0,0,1,1,1,0,1,0,1,1,0,1,0,1,0,1,1,1,0,0,1,0,0,1,1,1,1,1,0,0,1,0,0,0,0,1
330,47.5,1,0,0,0,0,0,0,1,0,0,1,0,1,0,1,0,1,1,0,0,1,1,1,0,1,1,1,1,1,1,1,0,0,0,1,0,1,0,0
331,72.5,1,1,1,0,1,1,1,1,0,1,1,1,1,1,1,1,1,1,0,0,1,1,1,1,1,1,0,1,0,1,1,1,1,1,0,0,1,0,0
332,62.5,0,0,1,1,0,1,1,0,0,1,0,0,1,0,1,0,0,1,1,1,1,1,1,1,1,1,1,1,1,1,1,0,0,1,1,0,1,0,1
333,77.5,1,0,1,0,0,1,1,1,0,1,1,1,1,1,0,1,1,1,1,1,1,1,1,1,0,1,1,1,1,1,1,1,1,1,0,1,1,1,0
334,47.5,0,1,0,0,1,1,1,1,0,1,1,0,0,0,1,0,1,0,0,0,1,1,0,1,1,1,0,0,1,1,1,0,0,1,0,0,0,0,1
335,67.5,1,1,1,0,0,1,1,1,1,0,1,0,1,1,1,1,1,1,0,0,1,0,1,1,0,0,0,1,1,1,1,1,1,1,0,1,1,1,0
336,47.5,1,1,1,1,1,0,0,0,1,1,1,0,0,0,0,0,0,1,1,0,1,1,0,0,0,1,0,1,1,1,1,0,0,1,1,0,0,0,0
337,60.0,1,1,0,1,1,0,1,1,0,1,1,0,0,0,1,1,0,1,0,0,1,0,1,0,0,1,1,1,1,1,1,0,1,1,1,0,1,1,0
338,75.0,1,0,1,1,1,1,1,0,0,1,1,1,1,0,0,1,0,1,1,1,1,1,0,1,1,0,1,1,1,1,1,1,1,1,1,0,1,1,1
339,70.0,1,1,0,0,0,1,1,1,1,0,1,1,0,1,1,0,1,1,1,0,1,1,1,1,1,1,1,1,1,0,0,1,1,1,1,0,0,1,1
340,70.0,1,1,0,1,1,1,1,1,1,1,1,0,1,1,1,1,0,1,0,1,1,1,0,1,0,0,1,0,1,1,1,1,1,0,1,0,1,1,0
341,52.5,0,1,0,1,1,0,1,1,1,0,1,0,1,0,1,0,0,1,0,0,1,1,0,1,1,0,0,0,1,1,1,1,1,0,1,0,1,0,0
342,60.0,1,1,0,0,1,1,1,1,1,1,1,0,1,1,1,0,1,1,0,1,0,1,0,1,0,0,0,1,1,1,1,0,0,1,1,0,1,0,0
343,80.0,1,0,0,1,1,1,1,1,1,1,1,1,1,0,1,1,1,1,1,0,1,1,1,1,1,0,1,0,1,1,1,1,1,1,1,0,1,1,1
344,50.0,1,0,1,0,1,0,1,1,0,0,0,0,0,0,1,1,1,1,0,0,1,0,0,0,0,0,1,1,1,1,1,0,0,1,1,0,1,1,1
345,70.0,1,1,1,1,1,0,1,1,0,0,1,0,0,0,1,1,1,1,1,1,1,1,1,1,0,1,1,1,1,1,0,1,0,1,1,0,1,1,0
346,47.5,1,1,0,1,0,0,1,0,1,1,1,0,0,0,1,0,0,1,0,0,1,1,0,1,0,0,0,0,1,1,1,0,0,1,1,0,1,1,0
347,80.0,1,1,1,0,1,1,1,1,1,1,1,1,1,1,1,1,1,1,0,0,1,1,1,1,0,1,1,1,1,1,1,1,0,1,0,1,1,1,0
348,70.0,1,1,0,1,0,1,1,1,0,1,1,0,0,0,1,1,0,1,0,1,0,1,1,1,0,1,1,1,1,1,1,1,1,1,1,0,1,1,1
349,60.0,1,0,1,1,1,0,1,1,0,1,1,0,1,1,1,0,0,1,0,0,0,1,0,1,0,1,1,1,1,1,0,0,0,1,1,0,1,1,1
350,45.0,0,0,1,1,0,0,1,1,1,0,1,0,0,1,1,0,1,1,1,0,1,1,0,1,0,1,1,0,0,0,0,0,0,1,0,0,1,0,0
351,80.0,1,0,1,0,1,1,1,1,1,1,1,1,1,1,1,1,1,1,0,0,1,1,1,1,0,1,1,1,1,1,1,1,1,1,1,0,1,1,0
352,32.5,1,1,0,0,1,1,0,1,0,0,1,0,0,0,1,0,0,1,0,1,0,0,1,1,0,0,0,0,1,1,0,0,0,0,0,0,0,0,0
353,82.5,1,0,1,1,1,1,1,1,1,1,1,1,1,1,1,1,1,1,0,1,1,1,1,1,1,0,0,1,1,1,1,1,1,1,0,1,0,1,1
354,80.0,1,0,0,1,1,1,1,1,0,1,1,1,0,1,1,1,1,1,0,1,1,1,1,1,1,1,1,1,1,1,0,1,1,1,1,0,1,1,1
355,67.5,1,1,1,1,1,1,0,1,0,1,1,1,0,1,1,1,0,0,0,0,1,1,1,1,0,1,1,1,1,1,1,1,1,0,0,0,1,1,0
356,72.5,1,0,1,1,1,1,0,1,1,1,1,1,1,1,0,1,1,1,0,0,1,1,0,0,1,0,1,1,1,1,1,1,1,1,0,1,1,1,0
357,75.0,1,0,1,1,1,1,1,1,0,1,1,0,1,0,1,0,1,1,0,0,1,0,1,1,1,1,1,1,1,1,1,1,1,1,1,0,1,1,1
358,62.5,1,1,0,1,1,1,1,1,0,1,1,0,1,0,1,1,0,0,0,1,1,1,1,1,1,0,1,0,1,1,1,0,1,0,0,0,1,1,0
359,70.0,1,1,1,0,1,1,1,1,1,0,1,0,0,1,1,0,1,1,0,1,1,1,0,1,1,1,1,1,1,1,1,0,0,1,1,0,1,1,0
360,42.5,0,1,1,0,0,0,1,0,0,0,1,0,0,1,0,0,0,1,0,0,0,1,0,1,1,1,0,1,1,0,1,1,0,1,1,0,0,1,0
361,57.5,1,1,1,0,0,1,1,1,1,1,0,0,1,0,0,0,1,1,1,0,1,0,0,1,0,0,1,1,1,1,1,1,0,1,0,0,1,1,0
